,Year,Month,UniqueCarrier,ArrDelay,DepDelay,Count
0,1990,1,AA,-1.0,0.0,61681
1,1990,1,AS,3.0,0.0,7834
2,1990,1,CO,0.0,0.0,34446
3,1990,1,DL,4.0,1.0,68755
4,1990,1,EA,2.0,0.0,21226
5,1990,1,HP,4.0,0.0,17594
6,1990,1,NW,-1.0,0.0,39325
7,1990,1,PA (1),-2.0,0.0,7721
8,1990,1,TW,0.0,0.0,23725
9,1990,1,UA,1.0,0.0,48827
10,1990,1,US,3.0,1.0,85340
11,1990,1,WN,0.0,0.0,26226
12,1990,2,AA,2.0,0.0,53811
13,1990,2,AS,5.0,0.0,7002
14,1990,2,CO,5.0,0.0,31601
15,1990,2,DL,5.0,2.0,61793
16,1990,2,EA,2.0,0.0,18613
17,1990,2,HP,5.0,0.0,15618
18,1990,2,NW,-1.0,0.0,35570
19,1990,2,PA (1),-2.0,0.0,6954
20,1990,2,TW,1.0,0.0,21328
21,1990,2,UA,2.0,0.0,44576
22,1990,2,US,3.0,1.0,76886
23,1990,2,WN,1.0,0.0,23174
24,1990,3,AA,2.0,1.0,59616
25,1990,3,AS,0.0,0.0,8033
26,1990,3,CO,5.0,0.0,35753
27,1990,3,DL,5.0,2.0,69091
28,1990,3,EA,0.0,0.0,21147
29,1990,3,HP,3.0,0.0,17810
30,1990,3,NW,-2.0,0.0,39878
31,1990,3,PA (1),-4.0,0.0,7436
32,1990,3,TW,1.0,0.0,23682
33,1990,3,UA,2.0,1.0,50176
34,1990,3,US,2.0,1.0,85792
35,1990,3,WN,2.0,0.0,25906
36,1990,4,AA,1.0,0.0,58448
37,1990,4,AS,1.0,0.0,7684
38,1990,4,CO,3.0,0.0,34708
39,1990,4,DL,4.0,1.0,67377
40,1990,4,EA,-2.0,0.0,20719
41,1990,4,HP,2.0,0.0,17463
42,1990,4,NW,-3.0,-1.0,38753
43,1990,4,PA (1),-3.0,0.0,6712
44,1990,4,TW,0.0,0.0,22855
45,1990,4,UA,2.0,0.0,49137
46,1990,4,US,1.0,0.0,83543
47,1990,4,WN,0.0,0.0,26021
48,1990,5,AA,2.0,0.0,61071
49,1990,5,AS,0.0,0.0,8100
50,1990,5,CO,4.0,0.0,36751
51,1990,5,DL,4.0,1.0,68839
52,1990,5,EA,-3.0,0.0,21130
53,1990,5,HP,1.0,0.0,18308
54,1990,5,NW,-1.0,0.0,39498
55,1990,5,PA (1),-3.0,0.0,6923
56,1990,5,TW,2.0,0.0,22911
57,1990,5,UA,1.0,0.0,51106
58,1990,5,US,1.0,0.0,85031
59,1990,5,WN,0.0,0.0,27703
60,1990,6,AA,1.0,0.0,58806
61,1990,6,AS,4.0,0.0,8593
62,1990,6,CO,2.0,0.0,36141
63,1990,6,DL,4.0,1.0,68205
64,1990,6,EA,-3.0,0.0,20696
65,1990,6,HP,1.0,0.0,17585
66,1990,6,NW,1.0,0.0,38756
67,1990,6,PA (1),-4.0,0.0,6699
68,1990,6,TW,3.0,0.0,21952
69,1990,6,UA,2.0,0.0,50511
70,1990,6,US,1.0,0.0,82327
71,1990,6,WN,0.0,0.0,27124
72,1990,7,AA,-1.0,0.0,60747
73,1990,7,AS,2.0,0.0,9375
74,1990,7,CO,3.0,0.0,36949
75,1990,7,DL,4.0,1.0,70942
76,1990,7,EA,-1.0,0.0,21360
77,1990,7,HP,0.0,0.0,18558
78,1990,7,NW,-1.0,-1.0,39751
79,1990,7,PA (1),-2.0,0.0,7060
80,1990,7,TW,2.0,0.0,22913
81,1990,7,UA,0.0,0.0,53445
82,1990,7,US,0.0,0.0,85797
83,1990,7,WN,0.0,0.0,28160
84,1990,8,AA,0.0,0.0,60849
85,1990,8,AS,5.0,0.0,9463
86,1990,8,CO,3.0,0.0,37408
87,1990,8,DL,5.0,2.0,71024
88,1990,8,EA,0.0,0.0,21511
89,1990,8,HP,2.0,0.0,19084
90,1990,8,NW,0.0,0.0,40514
91,1990,8,PA (1),-1.0,0.0,7086
92,1990,8,TW,3.0,0.0,22900
93,1990,8,UA,1.0,0.0,53759
94,1990,8,US,2.0,1.0,85948
95,1990,8,WN,0.0,0.0,28340
96,1990,9,AA,-1.0,0.0,58939
97,1990,9,AS,2.0,0.0,7926
98,1990,9,CO,-1.0,0.0,35108
99,1990,9,DL,3.0,0.0,68215
100,1990,9,EA,-3.0,0.0,20670
101,1990,9,HP,1.0,0.0,18196
102,1990,9,NW,-3.0,-1.0,37530
103,1990,9,PA (1),-5.0,0.0,6687
104,1990,9,TW,0.0,0.0,21709
105,1990,9,UA,-1.0,0.0,50937
106,1990,9,US,0.0,0.0,82356
107,1990,9,WN,0.0,0.0,27365
108,1990,10,AA,0.0,0.0,61194
109,1990,10,AS,2.0,0.0,8352
110,1990,10,CO,0.0,0.0,37491
111,1990,10,DL,3.0,1.0,71334
112,1990,10,EA,-1.0,0.0,22073
113,1990,10,HP,1.0,0.0,18897
114,1990,10,NW,-2.0,-1.0,39174
115,1990,10,PA (1),-5.0,0.0,6575
116,1990,10,TW,1.0,0.0,21944
117,1990,10,UA,0.0,0.0,53949
118,1990,10,US,1.0,0.0,85391
119,1990,10,WN,2.0,0.0,28673
120,1990,11,AA,0.0,0.0,57791
121,1990,11,AS,4.0,0.0,7738
122,1990,11,CO,0.0,0.0,35370
123,1990,11,DL,2.0,1.0,67814
124,1990,11,EA,-3.0,0.0,21379
125,1990,11,HP,4.0,0.0,18209
126,1990,11,NW,-3.0,-1.0,36468
127,1990,11,PA (1),-4.0,0.0,6565
128,1990,11,TW,1.0,0.0,19046
129,1990,11,UA,-1.0,0.0,50049
130,1990,11,US,-1.0,0.0,81104
131,1990,11,WN,4.0,0.0,27248
132,1990,12,AA,4.0,1.0,59107
133,1990,12,AS,6.0,0.0,7834
134,1990,12,CO,3.0,0.0,35844
135,1990,12,DL,6.0,3.0,70673
136,1990,12,EA,0.0,0.0,21489
137,1990,12,HP,5.0,2.0,18992
138,1990,12,NW,1.0,0.0,36528
139,1990,12,PA (1),-2.0,0.0,6638
140,1990,12,TW,6.0,0.0,19217
141,1990,12,UA,3.0,1.0,50241
142,1990,12,US,1.0,1.0,82970
143,1990,12,WN,5.0,3.0,26819
144,1988,1,AA,1.0,1.0,56280
145,1988,1,AS,5.0,0.0,7577
146,1988,1,CO,4.0,0.0,39763
147,1988,1,DL,7.0,0.0,60841
148,1988,1,EA,5.0,0.0,37632
149,1988,1,HP,3.0,0.0,15583
150,1988,1,NW,8.0,0.0,33958
151,1988,1,PA (1),2.0,0.0,6080
152,1988,1,PI,7.0,4.0,39594
153,1988,1,PS,1.0,1.0,13169
154,1988,1,TW,6.0,1.0,23761
155,1988,1,UA,3.0,0.0,50715
156,1988,1,US,4.0,1.0,31663
157,1988,1,WN,0.0,0.0,20334
158,1988,2,AA,0.0,1.0,52750
159,1988,2,AS,5.0,0.0,6898
160,1988,2,CO,5.0,0.0,37554
161,1988,2,DL,6.0,0.0,59226
162,1988,2,EA,3.0,0.0,34791
163,1988,2,HP,2.0,0.0,15019
164,1988,2,NW,8.0,0.0,33059
165,1988,2,PA (1),1.0,0.0,5785
166,1988,2,PI,5.0,1.0,37490
167,1988,2,PS,-2.0,1.0,12220
168,1988,2,TW,5.0,0.0,21125
169,1988,2,UA,2.0,0.0,47009
170,1988,2,US,4.0,1.0,29794
171,1988,2,WN,0.0,0.0,19859
172,1988,3,AA,0.0,1.0,56976
173,1988,3,AS,5.0,0.0,7593
174,1988,3,CO,2.0,0.0,40827
175,1988,3,DL,5.0,0.0,64008
176,1988,3,EA,3.0,0.0,37328
177,1988,3,HP,2.0,0.0,15065
178,1988,3,NW,5.0,0.0,36155
179,1988,3,PA (1),3.0,0.0,6080
180,1988,3,PI,4.0,1.0,39962
181,1988,3,PS,-3.0,0.0,13054
182,1988,3,TW,4.0,0.0,23709
183,1988,3,UA,1.0,0.0,50677
184,1988,3,US,4.0,1.0,32247
185,1988,3,WN,0.0,0.0,21399
186,1988,4,AA,-1.0,0.0,56115
187,1988,4,AS,4.0,0.0,7145
188,1988,4,CO,-1.0,0.0,38081
189,1988,4,DL,1.0,0.0,62080
190,1988,4,EA,2.0,0.0,34645
191,1988,4,HP,0.0,0.0,14533
192,1988,4,NW,2.0,0.0,34418
193,1988,4,PA (1),3.0,0.0,5986
194,1988,4,PI,4.0,1.0,38433
195,1988,4,PS,-4.0,0.0,3468
196,1988,4,TW,2.0,0.0,22684
197,1988,4,UA,-1.0,0.0,48743
198,1988,4,US,4.0,2.0,40114
199,1988,4,WN,-1.0,0.0,20880
200,1988,5,AA,-2.0,0.0,57536
201,1988,5,AS,4.0,0.0,7626
202,1988,5,CO,-2.0,0.0,39320
203,1988,5,DL,0.0,0.0,63260
204,1988,5,EA,2.0,0.0,34184
205,1988,5,HP,1.0,0.0,15116
206,1988,5,NW,0.0,0.0,35237
207,1988,5,PA (1),5.0,0.0,5989
208,1988,5,PI,4.0,2.0,38385
209,1988,5,TW,2.0,0.0,22910
210,1988,5,UA,0.0,0.0,48916
211,1988,5,US,5.0,3.0,45602
212,1988,5,WN,-2.0,0.0,21835
213,1988,6,AA,-2.0,0.0,56220
214,1988,6,AS,3.0,0.0,7952
215,1988,6,CO,-4.0,0.0,39019
216,1988,6,DL,0.0,0.0,62822
217,1988,6,EA,1.0,0.0,32282
218,1988,6,HP,0.0,0.0,14696
219,1988,6,NW,0.0,0.0,35925
220,1988,6,PA (1),5.0,0.0,5864
221,1988,6,PI,3.0,1.0,38996
222,1988,6,TW,3.0,0.0,22772
223,1988,6,UA,1.0,0.0,47521
224,1988,6,US,5.0,2.0,44652
225,1988,6,WN,-1.0,0.0,22578
226,1988,7,AA,-1.0,0.0,58675
227,1988,7,AS,2.0,0.0,8316
228,1988,7,CO,-3.0,0.0,39103
229,1988,7,DL,0.0,0.0,64141
230,1988,7,EA,2.0,0.0,32171
231,1988,7,HP,0.0,0.0,14897
232,1988,7,NW,2.0,0.0,36857
233,1988,7,PA (1),5.0,0.0,5982
234,1988,7,PI,4.0,3.0,39749
235,1988,7,TW,3.0,0.0,23514
236,1988,7,UA,0.0,0.0,48626
237,1988,7,US,4.0,2.0,46047
238,1988,7,WN,-1.0,0.0,23040
239,1988,8,AA,-1.0,0.0,59295
240,1988,8,AS,3.0,0.0,8395
241,1988,8,CO,-3.0,0.0,39373
242,1988,8,DL,0.0,0.0,65039
243,1988,8,EA,1.0,0.0,32030
244,1988,8,HP,2.0,0.0,14975
245,1988,8,NW,3.0,0.0,38294
246,1988,8,PA (1),4.0,0.0,6060
247,1988,8,PI,3.0,2.0,40271
248,1988,8,TW,4.0,0.0,23629
249,1988,8,UA,0.0,0.0,49070
250,1988,8,US,4.0,2.0,46310
251,1988,8,WN,-1.0,0.0,24028
252,1988,9,AA,-1.0,0.0,57553
253,1988,9,AS,1.0,0.0,7185
254,1988,9,CO,-3.0,0.0,36947
255,1988,9,DL,1.0,0.0,62066
256,1988,9,EA,-3.0,0.0,27619
257,1988,9,HP,0.0,0.0,14593
258,1988,9,NW,4.0,0.0,36153
259,1988,9,PA (1),1.0,0.0,5854
260,1988,9,PI,3.0,1.0,38628
261,1988,9,TW,2.0,0.0,22639
262,1988,9,UA,-1.0,-1.0,47863
263,1988,9,US,1.0,0.0,44630
264,1988,9,WN,-1.0,0.0,22345
265,1988,10,AA,1.0,0.0,61568
266,1988,10,AS,3.0,0.0,7164
267,1988,10,CO,0.0,0.0,36482
268,1988,10,DL,1.0,0.0,64770
269,1988,10,EA,-3.0,0.0,29089
270,1988,10,HP,2.0,0.0,15454
271,1988,10,NW,3.0,0.0,38040
272,1988,10,PA (1),2.0,0.0,6088
273,1988,10,PI,3.0,1.0,40054
274,1988,10,TW,2.0,0.0,23762
275,1988,10,UA,1.0,0.0,50547
276,1988,10,US,3.0,0.0,45666
277,1988,10,WN,0.0,0.0,22986
278,1988,11,AA,1.0,1.0,59230
279,1988,11,AS,5.0,0.0,6838
280,1988,11,CO,1.0,0.0,34464
281,1988,11,DL,4.0,0.0,61347
282,1988,11,EA,-2.0,0.0,28120
283,1988,11,HP,4.0,0.0,15247
284,1988,11,NW,4.0,0.0,35894
285,1988,11,PA (1),2.0,0.0,6097
286,1988,11,PI,4.0,2.0,39274
287,1988,11,TW,1.0,0.0,21985
288,1988,11,UA,2.0,0.0,47738
289,1988,11,US,3.0,1.0,43202
290,1988,11,WN,2.0,0.0,21425
291,1988,12,AA,2.0,1.0,62559
292,1988,12,AS,6.0,0.0,7133
293,1988,12,CO,1.0,0.0,36098
294,1988,12,DL,4.0,0.0,64383
295,1988,12,EA,-2.0,0.0,29401
296,1988,12,HP,5.0,0.0,15693
297,1988,12,NW,2.0,0.0,37450
298,1988,12,PA (1),4.0,0.0,6399
299,1988,12,PI,6.0,3.0,40121
300,1988,12,TW,2.0,0.0,23329
301,1988,12,UA,4.0,1.0,49719
302,1988,12,US,3.0,1.0,44456
303,1988,12,WN,1.0,0.0,21713
304,1987,10,AA,0.0,0.0,56091
305,1987,10,AS,5.0,0.0,7432
306,1987,10,CO,-1.0,0.0,42756
307,1987,10,DL,6.0,0.0,63104
308,1987,10,EA,1.0,0.0,37048
309,1987,10,HP,7.0,0.0,15026
310,1987,10,NW,5.0,0.0,37590
311,1987,10,PA (1),3.0,0.0,5134
312,1987,10,PI,4.0,1.0,39228
313,1987,10,PS,10.0,3.0,14405
314,1987,10,TW,4.0,0.0,23823
315,1987,10,UA,1.0,0.0,52952
316,1987,10,US,5.0,2.0,32293
317,1987,10,WN,0.0,0.0,21738
318,1987,11,AA,1.0,0.0,53200
319,1987,11,AS,5.0,0.0,6967
320,1987,11,CO,1.0,0.0,39408
321,1987,11,DL,7.0,0.0,60150
322,1987,11,EA,2.0,0.0,34865
323,1987,11,HP,6.0,0.0,14939
324,1987,11,NW,6.0,0.0,34342
325,1987,11,PA (1),3.0,0.0,5615
326,1987,11,PI,6.0,2.0,37707
327,1987,11,PS,4.0,1.0,13540
328,1987,11,TW,2.0,0.0,22125
329,1987,11,UA,0.0,0.0,48702
330,1987,11,US,5.0,2.0,31006
331,1987,11,WN,0.0,0.0,20237
332,1987,12,AA,3.0,1.0,55830
333,1987,12,AS,10.0,0.0,7007
334,1987,12,CO,6.0,1.0,40838
335,1987,12,DL,10.0,0.0,62559
336,1987,12,EA,4.0,0.0,36863
337,1987,12,HP,5.0,0.0,15434
338,1987,12,NW,8.0,0.0,36341
339,1987,12,PA (1),2.0,0.0,6036
340,1987,12,PI,7.0,4.0,39547
341,1987,12,PS,9.0,4.0,13761
342,1987,12,TW,6.0,1.0,23702
343,1987,12,UA,5.0,1.0,50970
344,1987,12,US,5.0,2.0,31515
345,1987,12,WN,2.0,0.0,20000
346,1989,1,AA,1.0,0.0,62963
347,1989,1,AS,4.0,0.0,7224
348,1989,1,CO,-1.0,0.0,35846
349,1989,1,DL,4.0,0.0,64523
350,1989,1,EA,-2.0,0.0,29480
351,1989,1,HP,3.0,0.0,15789
352,1989,1,NW,0.0,0.0,37253
353,1989,1,PA (1),3.0,0.0,6405
354,1989,1,PI,5.0,2.0,40544
355,1989,1,TW,2.0,0.0,23503
356,1989,1,UA,3.0,0.0,49274
357,1989,1,US,2.0,0.0,44472
358,1989,1,WN,3.0,0.0,22746
359,1989,2,AA,5.0,1.0,56513
360,1989,2,AS,3.0,0.0,6267
361,1989,2,CO,0.0,0.0,31618
362,1989,2,DL,5.0,0.0,58488
363,1989,2,EA,0.0,0.0,25565
364,1989,2,HP,5.0,0.0,14269
365,1989,2,NW,0.0,0.0,33354
366,1989,2,PA (1),4.0,0.0,5785
367,1989,2,PI,7.0,3.0,36704
368,1989,2,TW,3.0,0.0,21247
369,1989,2,UA,5.0,1.0,44943
370,1989,2,US,3.0,1.0,40146
371,1989,2,WN,5.0,3.0,20277
372,1989,3,AA,4.0,1.0,62512
373,1989,3,AS,4.0,0.0,7224
374,1989,3,CO,0.0,0.0,35994
375,1989,3,DL,5.0,0.0,65374
376,1989,3,EA,4.0,0.0,20348
377,1989,3,HP,3.0,0.0,16129
378,1989,3,NW,0.0,0.0,37680
379,1989,3,PA (1),5.0,0.0,6447
380,1989,3,PI,11.0,8.0,40884
381,1989,3,TW,5.0,0.0,23835
382,1989,3,UA,5.0,1.0,50677
383,1989,3,US,4.0,2.0,44725
384,1989,3,WN,4.0,0.0,23352
385,1989,4,AA,-1.0,0.0,61022
386,1989,4,AS,1.0,0.0,6983
387,1989,4,CO,-2.0,0.0,34505
388,1989,4,DL,3.0,0.0,63967
389,1989,4,EA,-3.0,0.0,2508
390,1989,4,HP,1.0,0.0,15419
391,1989,4,NW,-3.0,0.0,36659
392,1989,4,PA (1),5.0,0.0,6430
393,1989,4,PI,7.0,4.0,40072
394,1989,4,TW,1.0,0.0,22848
395,1989,4,UA,0.0,0.0,48635
396,1989,4,US,1.0,1.0,42739
397,1989,4,WN,0.0,0.0,23817
398,1989,5,AA,0.0,0.0,62376
399,1989,5,AS,2.0,0.0,7426
400,1989,5,CO,0.0,0.0,34358
401,1989,5,DL,3.0,0.0,65209
402,1989,5,EA,-3.0,0.0,2406
403,1989,5,HP,2.0,0.0,16487
404,1989,5,NW,0.0,0.0,37190
405,1989,5,PA (1),5.0,0.0,6725
406,1989,5,PI,5.0,3.0,41502
407,1989,5,TW,2.0,0.0,23769
408,1989,5,UA,3.0,0.0,49623
409,1989,5,US,2.0,1.0,43916
410,1989,5,WN,2.0,0.0,25173
411,1989,6,AA,1.0,1.0,60749
412,1989,6,AS,4.0,0.0,7962
413,1989,6,CO,3.0,0.0,34393
414,1989,6,DL,6.0,0.0,64455
415,1989,6,EA,-4.0,0.0,1738
416,1989,6,HP,2.0,0.0,16394
417,1989,6,NW,3.0,0.0,37544
418,1989,6,PA (1),5.0,0.0,6091
419,1989,6,PI,8.0,5.0,40117
420,1989,6,TW,2.0,0.0,23251
421,1989,6,UA,7.0,3.0,47152
422,1989,6,US,5.0,3.0,41977
423,1989,6,WN,3.0,0.0,24470
424,1989,7,AA,0.0,0.0,60299
425,1989,7,AS,4.0,0.0,8300
426,1989,7,CO,1.0,0.0,35657
427,1989,7,DL,4.0,0.0,66651
428,1989,7,EA,-3.0,0.0,5368
429,1989,7,HP,2.0,0.0,16705
430,1989,7,NW,3.0,0.0,38794
431,1989,7,PA (1),1.0,0.0,6600
432,1989,7,PI,7.0,4.0,41119
433,1989,7,TW,2.0,0.0,23670
434,1989,7,UA,7.0,3.0,46729
435,1989,7,US,5.0,3.0,42538
436,1989,7,WN,0.0,0.0,24736
437,1989,8,AA,0.0,0.0,59563
438,1989,8,AS,5.0,0.0,8299
439,1989,8,CO,1.0,0.0,35976
440,1989,8,DL,4.0,0.0,67945
441,1989,8,EA,-1.0,0.0,9526
442,1989,8,HP,3.0,0.0,17065
443,1989,8,NW,5.0,0.0,39486
444,1989,8,PA (1),1.0,0.0,6709
445,1989,8,PI,8.0,5.0,5576
446,1989,8,TW,2.0,0.0,23972
447,1989,8,UA,8.0,4.0,47617
448,1989,8,US,9.0,6.0,78536
449,1989,8,WN,0.0,0.0,25815
450,1989,9,AA,-1.0,0.0,58650
451,1989,9,AS,2.0,0.0,7384
452,1989,9,CO,-2.0,0.0,32176
453,1989,9,DL,2.0,0.0,65553
454,1989,9,EA,0.0,0.0,14258
455,1989,9,HP,2.0,0.0,16236
456,1989,9,NW,3.0,0.0,37939
457,1989,9,PA (1),0.0,0.0,6683
458,1989,9,TW,0.0,0.0,22583
459,1989,9,UA,1.0,0.0,46806
460,1989,9,US,4.0,2.0,82133
461,1989,9,WN,-1.0,0.0,24667
462,1989,10,AA,-1.0,0.0,60553
463,1989,10,AS,3.0,0.0,7653
464,1989,10,CO,-2.0,0.0,33735
465,1989,10,DL,2.0,0.0,68095
466,1989,10,EA,0.0,0.0,18934
467,1989,10,HP,4.0,0.0,17297
468,1989,10,NW,3.0,0.0,39982
469,1989,10,PA (1),0.0,0.0,6827
470,1989,10,TW,1.0,0.0,23490
471,1989,10,UA,1.0,0.0,49347
472,1989,10,US,5.0,2.0,85204
473,1989,10,WN,0.0,0.0,26017
474,1989,11,AA,-1.0,0.0,57685
475,1989,11,AS,3.0,0.0,6991
476,1989,11,CO,0.0,0.0,32502
477,1989,11,DL,3.0,0.0,65156
478,1989,11,EA,0.0,0.0,19501
479,1989,11,HP,4.0,0.0,16455
480,1989,11,NW,2.0,0.0,37320
481,1989,11,PA (1),1.0,0.0,7142
482,1989,11,TW,0.0,0.0,21830
483,1989,11,UA,1.0,0.0,46370
484,1989,11,US,6.0,3.0,82659
485,1989,11,WN,0.0,0.0,24210
486,1989,12,AA,1.0,1.0,60367
487,1989,12,AS,5.0,0.0,7409
488,1989,12,CO,2.0,0.0,33562
489,1989,12,DL,5.0,0.0,67904
490,1989,12,EA,3.0,0.0,20072
491,1989,12,HP,5.0,0.0,17343
492,1989,12,NW,1.0,0.0,38551
493,1989,12,PA (1),1.0,0.0,7489
494,1989,12,TW,4.0,0.0,22473
495,1989,12,UA,3.0,2.0,47501
496,1989,12,US,8.0,5.0,83297
497,1989,12,WN,0.0,0.0,23522
498,2002,1,AA,-4.0,-2.0,70210
499,2002,1,AS,1.0,0.0,12009
500,2002,1,CO,-2.0,-3.0,27493
501,2002,1,DL,2.0,0.0,62669
502,2002,1,HP,-5.0,0.0,15135
503,2002,1,MQ,-5.0,-2.0,36049
504,2002,1,NW,-3.0,-2.0,39817
505,2002,1,UA,-2.0,-1.0,45765
506,2002,1,US,-3.0,-3.0,47132
507,2002,1,WN,-2.0,0.0,80057
508,2002,2,AA,-6.0,-2.0,63455
509,2002,2,AS,0.0,0.0,11642
510,2002,2,CO,-4.0,-3.0,25480
511,2002,2,DL,0.0,0.0,56751
512,2002,2,HP,-5.0,0.0,13709
513,2002,2,MQ,-4.0,-2.0,33387
514,2002,2,NW,-3.0,-2.0,37679
515,2002,2,UA,-4.0,-2.0,42083
516,2002,2,US,-4.0,-2.0,42567
517,2002,2,WN,-2.0,0.0,72782
518,2002,3,AA,-4.0,-2.0,72289
519,2002,3,AS,0.0,0.0,13272
520,2002,3,CO,-3.0,-3.0,28910
521,2002,3,DL,2.0,0.0,63216
522,2002,3,HP,-4.0,0.0,16289
523,2002,3,MQ,-2.0,-2.0,37299
524,2002,3,NW,2.0,-1.0,42819
525,2002,3,UA,-2.0,-1.0,47004
526,2002,3,US,-1.0,-1.0,46607
527,2002,3,WN,0.0,0.0,80191
528,2002,4,AA,-6.0,-2.0,71915
529,2002,4,AS,-2.0,-1.0,12937
530,2002,4,CO,-6.0,-4.0,27873
531,2002,4,DL,2.0,0.0,61134
532,2002,4,HP,-4.0,0.0,16101
533,2002,4,MQ,-4.0,-2.0,36796
534,2002,4,NW,-3.0,-2.0,41068
535,2002,4,UA,-3.0,-2.0,47451
536,2002,4,US,-2.0,-2.0,44124
537,2002,4,WN,-2.0,0.0,78742
538,2002,5,AA,-6.0,-3.0,74236
539,2002,5,AS,-1.0,-1.0,13738
540,2002,5,CO,-6.0,-3.0,27814
541,2002,5,DL,1.0,0.0,62431
542,2002,5,HP,-5.0,-1.0,16654
543,2002,5,MQ,-4.0,-2.0,37260
544,2002,5,NW,-3.0,-3.0,42540
545,2002,5,UA,-4.0,-3.0,49335
546,2002,5,US,-3.0,-2.0,45147
547,2002,5,WN,-1.0,0.0,80891
548,2002,6,AA,-5.0,-1.0,72926
549,2002,6,AS,1.0,1.0,14156
550,2002,6,CO,-4.0,-3.0,27130
551,2002,6,DL,1.0,0.0,61646
552,2002,6,HP,-2.0,0.0,17212
553,2002,6,MQ,-2.0,-1.0,36452
554,2002,6,NW,-2.0,-2.0,44630
555,2002,6,UA,-3.0,-1.0,51753
556,2002,6,US,-4.0,-2.0,43304
557,2002,6,WN,0.0,0.0,79124
558,2002,7,AA,-5.0,-2.0,76661
559,2002,7,AS,0.0,0.0,15036
560,2002,7,CO,-3.0,-3.0,27981
561,2002,7,DL,0.0,0.0,62989
562,2002,7,HP,-1.0,0.0,17515
563,2002,7,MQ,-1.0,-1.0,37969
564,2002,7,NW,-3.0,-2.0,47279
565,2002,7,UA,-5.0,-2.0,54017
566,2002,7,US,-5.0,-2.0,44330
567,2002,7,WN,0.0,0.0,81796
568,2002,8,AA,-6.0,-2.0,75166
569,2002,8,AS,1.0,0.0,15003
570,2002,8,CO,-4.0,-3.0,28263
571,2002,8,DL,-1.0,0.0,63405
572,2002,8,HP,-2.0,0.0,17596
573,2002,8,MQ,-3.0,-2.0,37945
574,2002,8,NW,-4.0,-3.0,47712
575,2002,8,UA,-4.0,-2.0,54545
576,2002,8,US,-6.0,-3.0,44531
577,2002,8,WN,0.0,0.0,82598
578,2002,9,AA,-9.0,-4.0,69156
579,2002,9,AS,-4.0,-3.0,13283
580,2002,9,CO,-4.0,-4.0,25493
581,2002,9,DL,-5.0,-1.0,57280
582,2002,9,HP,-4.0,-1.0,16555
583,2002,9,MQ,-5.0,-3.0,36582
584,2002,9,NW,-6.0,-4.0,41702
585,2002,9,UA,-7.0,-3.0,49615
586,2002,9,US,-8.0,-4.0,40988
587,2002,9,WN,-3.0,0.0,79342
588,2002,10,AA,-6.0,-3.0,71803
589,2002,10,AS,-3.0,-3.0,13263
590,2002,10,CO,-1.0,-2.0,27166
591,2002,10,DL,-2.0,0.0,60814
592,2002,10,HP,-3.0,-1.0,17258
593,2002,10,MQ,-2.0,-2.0,38665
594,2002,10,NW,-4.0,-4.0,43536
595,2002,10,UA,-5.0,-3.0,51672
596,2002,10,US,-6.0,-4.0,39338
597,2002,10,WN,0.0,0.0,83075
598,2002,11,AA,-7.0,-3.0,66162
599,2002,11,AS,-4.0,-2.0,12110
600,2002,11,CO,-2.0,-2.0,25200
601,2002,11,DL,-2.0,0.0,57432
602,2002,11,HP,-1.0,-1.0,15948
603,2002,11,MQ,-4.0,-2.0,35601
604,2002,11,NW,-5.0,-4.0,41776
605,2002,11,UA,-6.0,-3.0,46172
606,2002,11,US,-7.0,-3.0,37016
607,2002,11,WN,-2.0,0.0,77607
608,2002,12,AA,-5.0,-2.0,68460
609,2002,12,AS,0.0,0.0,12745
610,2002,12,CO,0.0,-1.0,26443
611,2002,12,DL,-1.0,1.0,58991
612,2002,12,HP,1.0,0.0,16139
613,2002,12,MQ,-2.0,-1.0,35979
614,2002,12,NW,-3.0,-3.0,42773
615,2002,12,UA,-4.0,-1.0,48475
616,2002,12,US,-3.0,-1.0,36580
617,2002,12,WN,0.0,0.0,80540
618,1997,1,AA,2.0,0.0,57254
619,1997,1,AS,4.0,0.0,11896
620,1997,1,CO,3.0,0.0,35052
621,1997,1,DL,5.0,2.0,78106
622,1997,1,HP,6.0,0.0,17623
623,1997,1,NW,5.0,0.0,45797
624,1997,1,TW,3.0,1.0,22148
625,1997,1,UA,5.0,4.0,62428
626,1997,1,US,1.0,0.0,62767
627,1997,1,WN,4.0,0.0,66052
628,1997,2,AA,2.0,0.0,50977
629,1997,2,AS,3.0,0.0,10869
630,1997,2,CO,0.0,0.0,31472
631,1997,2,DL,4.0,1.0,70630
632,1997,2,HP,3.0,0.0,15921
633,1997,2,NW,3.0,-1.0,41803
634,1997,2,TW,0.0,0.0,20087
635,1997,2,UA,2.0,2.0,57168
636,1997,2,US,1.0,0.0,56473
637,1997,2,WN,0.0,0.0,60256
638,1997,3,AA,0.0,0.0,56631
639,1997,3,AS,3.0,0.0,12133
640,1997,3,CO,1.0,0.0,34704
641,1997,3,DL,4.0,2.0,78173
642,1997,3,HP,2.0,0.0,17719
643,1997,3,NW,3.0,0.0,46274
644,1997,3,TW,0.0,0.0,22992
645,1997,3,UA,0.0,2.0,63534
646,1997,3,US,0.0,0.0,62352
647,1997,3,WN,0.0,0.0,66474
648,1997,4,AA,-1.0,0.0,55188
649,1997,4,AS,2.0,0.0,11760
650,1997,4,CO,0.0,0.0,33929
651,1997,4,DL,3.0,1.0,75374
652,1997,4,HP,3.0,0.0,17069
653,1997,4,NW,0.0,-1.0,44437
654,1997,4,TW,-3.0,0.0,22596
655,1997,4,UA,-1.0,1.0,61231
656,1997,4,US,0.0,0.0,60552
657,1997,4,WN,0.0,0.0,65158
658,1997,5,AA,-3.0,-1.0,56489
659,1997,5,AS,1.0,0.0,12407
660,1997,5,CO,0.0,0.0,33832
661,1997,5,DL,2.0,1.0,77815
662,1997,5,HP,2.0,0.0,17597
663,1997,5,NW,0.0,-1.0,44780
664,1997,5,TW,-4.0,0.0,23058
665,1997,5,UA,0.0,0.0,62700
666,1997,5,US,-1.0,0.0,61956
667,1997,5,WN,0.0,0.0,66727
668,1997,6,AA,-1.0,0.0,55109
669,1997,6,AS,3.0,0.0,12498
670,1997,6,CO,1.0,1.0,33436
671,1997,6,DL,6.0,3.0,76302
672,1997,6,HP,2.0,0.0,17111
673,1997,6,NW,0.0,0.0,44873
674,1997,6,TW,-1.0,0.0,22924
675,1997,6,UA,3.0,2.0,62419
676,1997,6,US,1.0,1.0,60211
677,1997,6,WN,0.0,0.0,65854
678,1997,7,AA,-3.0,0.0,56908
679,1997,7,AS,5.0,0.0,13847
680,1997,7,CO,0.0,0.0,34863
681,1997,7,DL,5.0,2.0,78806
682,1997,7,HP,2.0,0.0,17850
683,1997,7,NW,0.0,-1.0,46599
684,1997,7,TW,-1.0,0.0,23966
685,1997,7,UA,3.0,2.0,64515
686,1997,7,US,1.0,0.0,61718
687,1997,7,WN,0.0,0.0,67699
688,1997,8,AA,-4.0,-1.0,57075
689,1997,8,AS,6.0,0.0,13953
690,1997,8,CO,0.0,0.0,34574
691,1997,8,DL,3.0,1.0,78825
692,1997,8,HP,3.0,0.0,17703
693,1997,8,NW,0.0,0.0,46550
694,1997,8,TW,0.0,0.0,23848
695,1997,8,UA,3.0,2.0,64347
696,1997,8,US,1.0,0.0,61648
697,1997,8,WN,0.0,0.0,68085
698,1997,9,AA,-6.0,-2.0,54140
699,1997,9,AS,4.0,0.0,12448
700,1997,9,CO,-1.0,-1.0,32392
701,1997,9,DL,0.0,0.0,76007
702,1997,9,HP,0.0,-1.0,16781
703,1997,9,NW,-1.0,-1.0,43334
704,1997,9,TW,-4.0,-1.0,22982
705,1997,9,UA,0.0,0.0,61772
706,1997,9,US,-2.0,-1.0,57663
707,1997,9,WN,-1.0,0.0,66912
708,1997,10,AA,-2.0,-1.0,55995
709,1997,10,AS,4.0,0.0,12159
710,1997,10,CO,1.0,-1.0,33742
711,1997,10,DL,1.0,0.0,78518
712,1997,10,HP,2.0,0.0,17278
713,1997,10,NW,-1.0,-1.0,45175
714,1997,10,TW,-2.0,-1.0,23831
715,1997,10,UA,1.0,1.0,63758
716,1997,10,US,-1.0,-1.0,59354
717,1997,10,WN,0.0,0.0,69437
718,1997,11,AA,-2.0,-1.0,52923
719,1997,11,AS,4.0,0.0,11581
720,1997,11,CO,1.0,-1.0,31780
721,1997,11,DL,3.0,0.0,75166
722,1997,11,HP,3.0,0.0,16638
723,1997,11,NW,0.0,-1.0,42611
724,1997,11,TW,-1.0,0.0,22150
725,1997,11,UA,-1.0,1.0,58823
726,1997,11,US,1.0,0.0,56059
727,1997,11,WN,0.0,0.0,64994
728,1997,12,AA,-1.0,0.0,55265
729,1997,12,AS,8.0,0.0,12199
730,1997,12,CO,2.0,0.0,33573
731,1997,12,DL,4.0,1.0,78128
732,1997,12,HP,5.0,0.0,17014
733,1997,12,NW,2.0,0.0,44919
734,1997,12,TW,3.0,0.0,23455
735,1997,12,UA,2.0,2.0,61152
736,1997,12,US,2.0,0.0,57998
737,1997,12,WN,2.0,0.0,67201
738,1993,1,AA,1.0,1.0,67125
739,1993,1,AS,2.0,0.0,8094
740,1993,1,CO,0.0,0.0,35559
741,1993,1,DL,5.0,3.0,76878
742,1993,1,HP,2.0,0.0,14849
743,1993,1,NW,-1.0,-1.0,39822
744,1993,1,TW,-2.0,0.0,19447
745,1993,1,UA,2.0,0.0,52511
746,1993,1,US,-1.0,1.0,71282
747,1993,1,WN,0.0,0.0,37188
748,1993,2,AA,0.0,1.0,61307
749,1993,2,AS,0.0,0.0,6056
750,1993,2,CO,1.0,0.0,32504
751,1993,2,DL,6.0,3.0,70030
752,1993,2,HP,0.0,0.0,13496
753,1993,2,NW,-1.0,-1.0,36264
754,1993,2,TW,0.0,0.0,17706
755,1993,2,UA,2.0,0.0,48456
756,1993,2,US,0.0,2.0,63671
757,1993,2,WN,0.0,0.0,34460
758,1993,3,AA,3.0,1.0,68863
759,1993,3,AS,0.0,0.0,7416
760,1993,3,CO,2.0,0.0,36233
761,1993,3,DL,6.0,4.0,77582
762,1993,3,HP,2.0,0.0,15033
763,1993,3,NW,0.0,-1.0,40153
764,1993,3,TW,1.0,0.0,20092
765,1993,3,UA,3.0,1.0,56264
766,1993,3,US,1.0,2.0,71292
767,1993,3,WN,0.0,0.0,40052
768,1993,4,AA,2.0,0.0,66602
769,1993,4,AS,2.0,0.0,7177
770,1993,4,CO,0.0,0.0,34664
771,1993,4,DL,4.0,2.0,75527
772,1993,4,HP,1.0,0.0,14544
773,1993,4,NW,-2.0,-1.0,39239
774,1993,4,TW,-2.0,0.0,19625
775,1993,4,UA,0.0,0.0,54576
776,1993,4,US,-1.0,1.0,69010
777,1993,4,WN,0.0,0.0,39087
778,1993,5,AA,1.0,0.0,69074
779,1993,5,AS,2.0,0.0,7533
780,1993,5,CO,-2.0,0.0,35044
781,1993,5,DL,3.0,1.0,76418
782,1993,5,HP,1.0,0.0,14833
783,1993,5,NW,-3.0,-2.0,40304
784,1993,5,TW,-3.0,0.0,20423
785,1993,5,UA,-1.0,0.0,55520
786,1993,5,US,-2.0,0.0,70323
787,1993,5,WN,-1.0,0.0,40713
788,1993,6,AA,2.0,0.0,66844
789,1993,6,AS,2.0,0.0,8990
790,1993,6,CO,-1.0,0.0,34436
791,1993,6,DL,4.0,2.0,75012
792,1993,6,HP,2.0,0.0,14506
793,1993,6,NW,-2.0,-1.0,39639
794,1993,6,TW,-2.0,0.0,20079
795,1993,6,UA,1.0,0.0,55611
796,1993,6,US,-2.0,1.0,68532
797,1993,6,WN,-1.0,0.0,40950
798,1993,7,AA,0.0,0.0,66765
799,1993,7,AS,2.0,0.0,9950
800,1993,7,CO,-3.0,0.0,36387
801,1993,7,DL,3.0,2.0,76453
802,1993,7,HP,0.0,0.0,14952
803,1993,7,NW,-3.0,-2.0,40836
804,1993,7,TW,-2.0,0.0,21000
805,1993,7,UA,0.0,0.0,57895
806,1993,7,US,-2.0,1.0,69820
807,1993,7,WN,-2.0,0.0,42211
808,1993,8,AA,0.0,0.0,66895
809,1993,8,AS,2.0,0.0,9929
810,1993,8,CO,-2.0,0.0,36393
811,1993,8,DL,4.0,2.0,77151
812,1993,8,HP,1.0,0.0,15024
813,1993,8,NW,-2.0,-1.0,41061
814,1993,8,TW,-1.0,0.0,21733
815,1993,8,UA,0.0,0.0,59281
816,1993,8,US,-1.0,1.0,70803
817,1993,8,WN,-2.0,0.0,43475
818,1993,9,AA,-1.0,0.0,63622
819,1993,9,AS,2.0,0.0,8332
820,1993,9,CO,0.0,0.0,32958
821,1993,9,DL,3.0,2.0,73054
822,1993,9,HP,-1.0,0.0,14494
823,1993,9,NW,-3.0,-2.0,38959
824,1993,9,TW,-1.0,0.0,20942
825,1993,9,UA,-1.0,0.0,53121
826,1993,9,US,0.0,1.0,68210
827,1993,9,WN,-2.0,0.0,42665
828,1993,10,AA,0.0,0.0,64781
829,1993,10,AS,3.0,0.0,8257
830,1993,10,CO,0.0,0.0,35132
831,1993,10,DL,4.0,2.0,75134
832,1993,10,HP,0.0,0.0,15076
833,1993,10,NW,-3.0,-2.0,40024
834,1993,10,TW,-1.0,0.0,21635
835,1993,10,UA,-1.0,0.0,53729
836,1993,10,US,0.0,1.0,70785
837,1993,10,WN,0.0,0.0,43923
838,1993,11,AA,-1.0,0.0,61089
839,1993,11,AS,4.0,0.0,8184
840,1993,11,CO,0.0,0.0,33921
841,1993,11,DL,3.0,2.0,71219
842,1993,11,HP,2.0,0.0,14612
843,1993,11,NW,-3.0,-1.0,38418
844,1993,11,TW,0.0,0.0,20518
845,1993,11,UA,1.0,1.0,50076
846,1993,11,US,1.0,1.0,68428
847,1993,11,WN,-1.0,0.0,41435
848,1993,12,AA,0.0,0.0,63729
849,1993,12,AS,7.0,0.0,8513
850,1993,12,CO,1.0,0.0,36329
851,1993,12,DL,4.0,2.0,74438
852,1993,12,HP,3.0,0.0,15337
853,1993,12,NW,-2.0,-1.0,40112
854,1993,12,TW,1.0,0.0,21582
855,1993,12,UA,3.0,1.0,52046
856,1993,12,US,3.0,2.0,70975
857,1993,12,WN,0.0,0.0,42173
858,1992,1,AA,1.0,0.0,65069
859,1992,1,AS,0.0,0.0,8278
860,1992,1,CO,1.0,0.0,36105
861,1992,1,DL,3.0,2.0,78384
862,1992,1,HP,-1.0,0.0,17015
863,1992,1,NW,-1.0,-1.0,39045
864,1992,1,TW,0.0,0.0,20150
865,1992,1,UA,-1.0,0.0,53312
866,1992,1,US,0.0,1.0,74697
867,1992,1,WN,-2.0,0.0,33403
868,1992,2,AA,0.0,0.0,59845
869,1992,2,AS,1.0,0.0,7456
870,1992,2,CO,1.0,0.0,32761
871,1992,2,DL,3.0,1.0,73522
872,1992,2,HP,-1.0,0.0,15958
873,1992,2,NW,-1.0,-1.0,36510
874,1992,2,TW,-1.0,0.0,19254
875,1992,2,UA,-1.0,0.0,49576
876,1992,2,US,1.0,1.0,70682
877,1992,2,WN,-2.0,0.0,30905
878,1992,3,AA,-1.0,0.0,64025
879,1992,3,AS,1.0,0.0,8091
880,1992,3,CO,3.0,0.0,35453
881,1992,3,DL,4.0,2.0,78838
882,1992,3,HP,-1.0,0.0,17379
883,1992,3,NW,-2.0,-1.0,38969
884,1992,3,TW,-1.0,0.0,21230
885,1992,3,UA,0.0,0.0,52688
886,1992,3,US,1.0,1.0,75986
887,1992,3,WN,-1.0,0.0,34192
888,1992,4,AA,-1.0,0.0,63387
889,1992,4,AS,0.0,0.0,7968
890,1992,4,CO,0.0,0.0,34118
891,1992,4,DL,2.0,1.0,76580
892,1992,4,HP,-2.0,0.0,16700
893,1992,4,NW,-4.0,-1.0,38328
894,1992,4,TW,-2.0,0.0,20364
895,1992,4,UA,-2.0,0.0,51415
896,1992,4,US,0.0,1.0,73875
897,1992,4,WN,-3.0,0.0,33536
898,1992,5,AA,-1.0,0.0,65667
899,1992,5,AS,0.0,0.0,8664
900,1992,5,CO,1.0,0.0,33876
901,1992,5,DL,2.0,1.0,77957
902,1992,5,HP,-2.0,0.0,17044
903,1992,5,NW,-5.0,-1.0,39400
904,1992,5,TW,-2.0,0.0,20638
905,1992,5,UA,-1.0,0.0,52223
906,1992,5,US,2.0,1.0,76173
907,1992,5,WN,-3.0,0.0,33916
908,1992,6,AA,2.0,1.0,64554
909,1992,6,AS,1.0,0.0,9478
910,1992,6,CO,3.0,0.0,35150
911,1992,6,DL,4.0,3.0,75447
912,1992,6,HP,0.0,0.0,17554
913,1992,6,NW,-2.0,-1.0,39601
914,1992,6,TW,1.0,0.0,20970
915,1992,6,UA,1.0,0.0,53122
916,1992,6,US,4.0,2.0,73959
917,1992,6,WN,-2.0,0.0,35675
918,1992,7,AA,2.0,1.0,66517
919,1992,7,AS,1.0,0.0,10170
920,1992,7,CO,1.0,0.0,36734
921,1992,7,DL,4.0,3.0,77307
922,1992,7,HP,0.0,0.0,18027
923,1992,7,NW,1.0,-1.0,40754
924,1992,7,TW,2.0,0.0,21406
925,1992,7,UA,2.0,0.0,55199
926,1992,7,US,4.0,2.0,76502
927,1992,7,WN,-2.0,0.0,37594
928,1992,8,AA,2.0,1.0,67724
929,1992,8,AS,3.0,0.0,9926
930,1992,8,CO,2.0,0.0,36403
931,1992,8,DL,4.0,3.0,77952
932,1992,8,HP,0.0,0.0,17421
933,1992,8,NW,0.0,-1.0,41286
934,1992,8,TW,2.0,0.0,21883
935,1992,8,UA,1.0,0.0,56133
936,1992,8,US,4.0,2.0,75852
937,1992,8,WN,-2.0,0.0,37551
938,1992,9,AA,0.0,0.0,65739
939,1992,9,AS,1.0,0.0,8381
940,1992,9,CO,-2.0,0.0,34964
941,1992,9,DL,2.0,2.0,74598
942,1992,9,HP,-2.0,0.0,16004
943,1992,9,NW,-1.0,-2.0,39820
944,1992,9,TW,-1.0,0.0,20825
945,1992,9,UA,-1.0,0.0,53159
946,1992,9,US,1.0,1.0,72582
947,1992,9,WN,-2.0,0.0,36502
948,1992,10,AA,-1.0,0.0,68129
949,1992,10,AS,0.0,0.0,8007
950,1992,10,CO,-1.0,0.0,36155
951,1992,10,DL,2.0,1.0,77216
952,1992,10,HP,-1.0,0.0,15730
953,1992,10,NW,-2.0,-2.0,41058
954,1992,10,TW,-4.0,0.0,21211
955,1992,10,UA,-1.0,0.0,55297
956,1992,10,US,0.0,1.0,74989
957,1992,10,WN,-2.0,0.0,37898
958,1992,11,AA,1.0,0.0,64029
959,1992,11,AS,0.0,0.0,7645
960,1992,11,CO,2.0,0.0,34421
961,1992,11,DL,3.0,2.0,72849
962,1992,11,HP,0.0,0.0,14896
963,1992,11,NW,-2.0,-1.0,39321
964,1992,11,TW,-2.0,0.0,18627
965,1992,11,UA,0.0,0.0,52637
966,1992,11,US,1.0,1.0,69145
967,1992,11,WN,-2.0,0.0,35696
968,1992,12,AA,3.0,1.0,67686
969,1992,12,AS,5.0,0.0,8143
970,1992,12,CO,4.0,1.0,35834
971,1992,12,DL,6.0,4.0,75943
972,1992,12,HP,2.0,0.0,15338
973,1992,12,NW,0.0,-1.0,40839
974,1992,12,TW,0.0,0.0,19891
975,1992,12,UA,3.0,1.0,54588
976,1992,12,US,2.0,2.0,71863
977,1992,12,WN,0.0,0.0,36044
978,1998,1,AA,-4.0,0.0,55773
979,1998,1,AS,5.0,0.0,11878
980,1998,1,CO,2.0,-1.0,33155
981,1998,1,DL,2.0,0.0,78523
982,1998,1,HP,3.0,0.0,17037
983,1998,1,NW,2.0,0.0,45189
984,1998,1,TW,1.0,0.0,23215
985,1998,1,UA,2.0,1.0,61805
986,1998,1,US,-1.0,-1.0,57955
987,1998,1,WN,0.0,0.0,67471
988,1998,2,AA,-4.0,-1.0,50294
989,1998,2,AS,7.0,0.0,10922
990,1998,2,CO,4.0,0.0,30429
991,1998,2,DL,2.0,0.0,71101
992,1998,2,HP,7.0,0.0,15553
993,1998,2,NW,-1.0,-1.0,41023
994,1998,2,TW,-1.0,0.0,21442
995,1998,2,UA,1.0,1.0,56832
996,1998,2,US,-1.0,-1.0,53188
997,1998,2,WN,2.0,0.0,62048
998,1998,3,AA,-3.0,0.0,55784
999,1998,3,AS,4.0,0.0,12479
1000,1998,3,CO,3.0,0.0,34252
1001,1998,3,DL,2.0,1.0,78906
1002,1998,3,HP,6.0,0.0,17249
1003,1998,3,NW,1.0,0.0,45592
1004,1998,3,TW,2.0,0.0,23814
1005,1998,3,UA,1.0,1.0,63552
1006,1998,3,US,-1.0,-1.0,59334
1007,1998,3,WN,1.0,0.0,68741
1008,1998,4,AA,-4.0,0.0,53599
1009,1998,4,AS,4.0,0.0,12088
1010,1998,4,CO,1.0,0.0,33224
1011,1998,4,DL,2.0,0.0,75726
1012,1998,4,HP,3.0,0.0,16619
1013,1998,4,NW,0.0,0.0,43721
1014,1998,4,TW,0.0,0.0,22859
1015,1998,4,UA,0.0,1.0,60618
1016,1998,4,US,-1.0,-1.0,57401
1017,1998,4,WN,0.0,0.0,66789
1018,1998,5,AA,-3.0,0.0,54495
1019,1998,5,AS,6.0,0.0,12598
1020,1998,5,CO,0.0,-1.0,33581
1021,1998,5,DL,1.0,0.0,77937
1022,1998,5,HP,4.0,0.0,17314
1023,1998,5,NW,-1.0,0.0,42518
1024,1998,5,TW,0.0,0.0,22848
1025,1998,5,UA,3.0,2.0,61950
1026,1998,5,US,-1.0,0.0,58184
1027,1998,5,WN,0.0,0.0,67868
1028,1998,6,AA,0.0,0.0,53726
1029,1998,6,AS,6.0,0.0,13156
1030,1998,6,CO,1.0,0.0,33284
1031,1998,6,DL,1.0,1.0,75432
1032,1998,6,HP,6.0,0.0,16988
1033,1998,6,NW,6.0,3.0,43090
1034,1998,6,TW,4.0,0.0,23112
1035,1998,6,UA,5.0,3.0,62362
1036,1998,6,US,4.0,2.0,57658
1037,1998,6,WN,0.0,0.0,67619
1038,1998,7,AA,-2.0,0.0,55836
1039,1998,7,AS,4.0,0.0,14049
1040,1998,7,CO,-1.0,-1.0,34380
1041,1998,7,DL,-1.0,0.0,77521
1042,1998,7,HP,6.0,0.0,17474
1043,1998,7,NW,-1.0,0.0,45481
1044,1998,7,TW,-1.0,0.0,23516
1045,1998,7,UA,2.0,1.0,65032
1046,1998,7,US,-1.0,0.0,59267
1047,1998,7,WN,0.0,0.0,69873
1048,1998,8,AA,-1.0,0.0,56149
1049,1998,8,AS,4.0,0.0,14168
1050,1998,8,CO,0.0,0.0,34225
1051,1998,8,DL,-1.0,0.0,78104
1052,1998,8,HP,6.0,0.0,17526
1053,1998,8,NW,0.0,0.0,45972
1054,1998,8,TW,-2.0,0.0,23503
1055,1998,8,UA,1.0,1.0,65971
1056,1998,8,US,-1.0,0.0,59694
1057,1998,8,WN,0.0,0.0,70598
1058,1998,9,AA,-3.0,-1.0,54014
1059,1998,9,AS,3.0,0.0,13119
1060,1998,9,CO,-4.0,-1.0,32481
1061,1998,9,DL,-3.0,0.0,74840
1062,1998,9,HP,4.0,0.0,16634
1063,1998,9,NW,-7.0,-2.0,43142
1064,1998,9,TW,-4.0,-1.0,22054
1065,1998,9,UA,0.0,0.0,62296
1066,1998,9,US,-3.0,-2.0,57475
1067,1998,9,WN,0.0,0.0,67846
1068,1998,10,AA,-1.0,0.0,56047
1069,1998,10,AS,4.0,0.0,12912
1070,1998,10,CO,-4.0,-1.0,33779
1071,1998,10,DL,-2.0,0.0,76145
1072,1998,10,HP,5.0,0.0,17249
1073,1998,10,NW,-5.0,-2.0,44510
1074,1998,10,TW,-4.0,-1.0,22967
1075,1998,10,UA,1.0,0.0,64680
1076,1998,10,US,-2.0,-1.0,59446
1077,1998,10,WN,0.0,0.0,70219
1078,1998,11,AA,-3.0,-1.0,53280
1079,1998,11,AS,5.0,0.0,12114
1080,1998,11,CO,-4.0,-1.0,32464
1081,1998,11,DL,-2.0,0.0,73552
1082,1998,11,HP,4.0,0.0,16378
1083,1998,11,NW,-6.0,-2.0,42782
1084,1998,11,TW,-4.0,-1.0,21757
1085,1998,11,UA,-2.0,0.0,60469
1086,1998,11,US,-2.0,-1.0,57073
1087,1998,11,WN,0.0,0.0,66659
1088,1998,12,AA,-2.0,0.0,54922
1089,1998,12,AS,11.0,5.0,12737
1090,1998,12,CO,-3.0,-1.0,34019
1091,1998,12,DL,0.0,0.0,77308
1092,1998,12,HP,8.0,0.0,17050
1093,1998,12,NW,-4.0,-2.0,44492
1094,1998,12,TW,-1.0,0.0,22986
1095,1998,12,UA,1.0,1.0,62892
1096,1998,12,US,6.0,4.0,59355
1097,1998,12,WN,2.0,0.0,69338
1098,1995,1,AA,2.0,1.0,61741
1099,1995,1,AS,5.0,0.0,10574
1100,1995,1,CO,2.0,0.0,42354
1101,1995,1,DL,2.0,2.0,76730
1102,1995,1,HP,5.0,0.0,15937
1103,1995,1,NW,-1.0,-1.0,43155
1104,1995,1,TW,7.0,1.0,22511
1105,1995,1,UA,0.0,2.0,60375
1106,1995,1,US,2.0,2.0,74679
1107,1995,1,WN,4.0,0.0,56877
1108,1995,2,AA,1.0,0.0,55228
1109,1995,2,AS,4.0,0.0,9593
1110,1995,2,CO,0.0,0.0,36514
1111,1995,2,DL,2.0,2.0,69433
1112,1995,2,HP,3.0,0.0,14459
1113,1995,2,NW,-2.0,-1.0,39359
1114,1995,2,TW,1.0,0.0,20119
1115,1995,2,UA,-2.0,1.0,55215
1116,1995,2,US,2.0,2.0,66574
1117,1995,2,WN,0.0,0.0,51818
1118,1995,3,AA,3.0,1.0,60504
1119,1995,3,AS,4.0,0.0,10835
1120,1995,3,CO,-1.0,0.0,37862
1121,1995,3,DL,1.0,2.0,76863
1122,1995,3,HP,4.0,0.0,16340
1123,1995,3,NW,-2.0,-1.0,44502
1124,1995,3,TW,0.0,0.0,22556
1125,1995,3,UA,-1.0,2.0,62259
1126,1995,3,US,0.0,2.0,71981
1127,1995,3,WN,2.0,0.0,57801
1128,1995,4,AA,2.0,0.0,57768
1129,1995,4,AS,3.0,0.0,10463
1130,1995,4,CO,-1.0,0.0,35917
1131,1995,4,DL,1.0,2.0,74196
1132,1995,4,HP,3.0,0.0,15750
1133,1995,4,NW,-2.0,-1.0,42404
1134,1995,4,TW,2.0,0.0,21795
1135,1995,4,UA,-2.0,1.0,59761
1136,1995,4,US,1.0,2.0,67667
1137,1995,4,WN,0.0,0.0,55353
1138,1995,5,AA,1.0,0.0,58040
1139,1995,5,AS,0.0,0.0,11037
1140,1995,5,CO,1.0,0.0,35637
1141,1995,5,DL,2.0,2.0,74200
1142,1995,5,HP,3.0,0.0,16390
1143,1995,5,NW,-1.0,-1.0,43605
1144,1995,5,TW,4.0,0.0,22113
1145,1995,5,UA,0.0,1.0,61891
1146,1995,5,US,0.0,1.0,66785
1147,1995,5,WN,0.0,0.0,58643
1148,1995,6,AA,1.0,0.0,56018
1149,1995,6,AS,7.0,0.0,12351
1150,1995,6,CO,7.0,2.0,35041
1151,1995,6,DL,3.0,3.0,72818
1152,1995,6,HP,4.0,0.0,16092
1153,1995,6,NW,0.0,-1.0,43629
1154,1995,6,TW,3.0,0.0,22418
1155,1995,6,UA,2.0,2.0,60832
1156,1995,6,US,2.0,3.0,62777
1157,1995,6,WN,0.0,0.0,57447
1158,1995,7,AA,-1.0,0.0,58067
1159,1995,7,AS,7.0,0.0,12982
1160,1995,7,CO,0.0,0.0,36121
1161,1995,7,DL,2.0,2.0,74403
1162,1995,7,HP,3.0,0.0,16655
1163,1995,7,NW,-1.0,-1.0,44825
1164,1995,7,TW,0.0,0.0,23560
1165,1995,7,UA,0.0,2.0,62262
1166,1995,7,US,1.0,2.0,62875
1167,1995,7,WN,0.0,0.0,58106
1168,1995,8,AA,-1.0,0.0,58688
1169,1995,8,AS,7.0,0.0,12938
1170,1995,8,CO,-1.0,0.0,36729
1171,1995,8,DL,2.0,3.0,75501
1172,1995,8,HP,3.0,0.0,16827
1173,1995,8,NW,0.0,-1.0,45560
1174,1995,8,TW,1.0,0.0,23997
1175,1995,8,UA,1.0,2.0,63096
1176,1995,8,US,1.0,2.0,64062
1177,1995,8,WN,0.0,0.0,60025
1178,1995,9,AA,-3.0,-1.0,55205
1179,1995,9,AS,2.0,0.0,11496
1180,1995,9,CO,-2.0,-1.0,33908
1181,1995,9,DL,2.0,1.0,71461
1182,1995,9,HP,1.0,0.0,16223
1183,1995,9,NW,-3.0,-2.0,42965
1184,1995,9,TW,-2.0,0.0,22647
1185,1995,9,UA,-1.0,1.0,59130
1186,1995,9,US,-1.0,1.0,59157
1187,1995,9,WN,-1.0,0.0,57582
1188,1995,10,AA,-2.0,0.0,57322
1189,1995,10,AS,3.0,0.0,10922
1190,1995,10,CO,-1.0,-1.0,35370
1191,1995,10,DL,4.0,3.0,74602
1192,1995,10,HP,2.0,0.0,16862
1193,1995,10,NW,-2.0,-1.0,44582
1194,1995,10,TW,0.0,0.0,24036
1195,1995,10,UA,1.0,2.0,61462
1196,1995,10,US,1.0,2.0,61523
1197,1995,10,WN,0.0,0.0,61336
1198,1995,11,AA,-2.0,0.0,54021
1199,1995,11,AS,2.0,0.0,10692
1200,1995,11,CO,0.0,0.0,34122
1201,1995,11,DL,4.0,3.0,70481
1202,1995,11,HP,3.0,0.0,16255
1203,1995,11,NW,-2.0,-1.0,42805
1204,1995,11,TW,0.0,0.0,22933
1205,1995,11,UA,1.0,3.0,57926
1206,1995,11,US,2.0,3.0,59505
1207,1995,11,WN,0.0,0.0,58351
1208,1995,12,AA,3.0,1.0,55869
1209,1995,12,AS,5.0,0.0,11241
1210,1995,12,CO,1.0,0.0,34850
1211,1995,12,DL,9.0,5.0,73331
1212,1995,12,HP,4.0,0.0,16718
1213,1995,12,NW,0.0,0.0,44302
1214,1995,12,TW,5.0,2.0,23767
1215,1995,12,UA,4.0,5.0,60598
1216,1995,12,US,5.0,4.0,61250
1217,1995,12,WN,3.0,0.0,59762
1218,2003,1,AA,-7.0,-3.0,66788
1219,2003,1,AS,-5.0,-3.0,12610
1220,2003,1,B6,0.0,2.0,5010
1221,2003,1,CO,-3.0,-3.0,25095
1222,2003,1,DH,-1.0,-1.0,25334
1223,2003,1,DL,-4.0,-1.0,59724
1224,2003,1,EV,-3.0,0.0,24146
1225,2003,1,FL,0.0,-2.0,11738
1226,2003,1,HP,-1.0,-1.0,16505
1227,2003,1,MQ,-4.0,-3.0,36476
1228,2003,1,NW,-5.0,-4.0,41888
1229,2003,1,OO,0.0,0.0,32375
1230,2003,1,TZ,1.0,-3.0,5440
1231,2003,1,UA,-6.0,-3.0,47285
1232,2003,1,US,-4.0,-3.0,35303
1233,2003,1,WN,-3.0,0.0,81593
1234,2003,1,XE,-2.0,-3.0,24799
1235,2003,2,AA,-5.0,-3.0,59308
1236,2003,2,AS,-4.0,-2.0,11397
1237,2003,2,B6,2.0,3.0,4880
1238,2003,2,CO,-1.0,-2.0,23198
1239,2003,2,DH,3.0,0.0,23040
1240,2003,2,DL,-2.0,0.0,52679
1241,2003,2,EV,0.0,0.0,21593
1242,2003,2,FL,0.0,0.0,10705
1243,2003,2,HP,1.0,0.0,14819
1244,2003,2,MQ,-3.0,-2.0,33072
1245,2003,2,NW,-3.0,-3.0,39248
1246,2003,2,OO,0.0,0.0,29661
1247,2003,2,TZ,1.0,-2.0,4935
1248,2003,2,UA,-5.0,-2.0,42618
1249,2003,2,US,-1.0,-2.0,32227
1250,2003,2,WN,0.0,0.0,73706
1251,2003,2,XE,0.0,-2.0,23120
1252,2003,3,AA,-7.0,-4.0,65740
1253,2003,3,AS,-4.0,-3.0,12718
1254,2003,3,B6,0.0,1.0,5680
1255,2003,3,CO,-3.0,-2.0,26885
1256,2003,3,DH,-3.0,-1.0,25708
1257,2003,3,DL,-3.0,-1.0,58230
1258,2003,3,EV,-1.0,0.0,23886
1259,2003,3,FL,0.0,0.0,12054
1260,2003,3,HP,-2.0,-1.0,16712
1261,2003,3,MQ,-6.0,-4.0,36332
1262,2003,3,NW,-4.0,-3.0,45183
1263,2003,3,OO,0.0,0.0,32908
1264,2003,3,TZ,0.0,-2.0,5518
1265,2003,3,UA,-6.0,-3.0,47563
1266,2003,3,US,-4.0,-3.0,36091
1267,2003,3,WN,-2.0,0.0,81016
1268,2003,3,XE,-3.0,-3.0,27118
1269,2003,4,AA,-7.0,-3.0,62977
1270,2003,4,AS,-7.0,-4.0,12612
1271,2003,4,B6,-5.0,0.0,5614
1272,2003,4,CO,-6.0,-3.0,24814
1273,2003,4,DH,-5.0,-2.0,23923
1274,2003,4,DL,-5.0,-1.0,51663
1275,2003,4,EV,-3.0,0.0,23931
1276,2003,4,FL,-5.0,-2.0,11724
1277,2003,4,HP,-4.0,-2.0,16023
1278,2003,4,MQ,-8.0,-4.0,35204
1279,2003,4,NW,-6.0,-4.0,41026
1280,2003,4,OO,-5.0,0.0,30471
1281,2003,4,TZ,-5.0,-4.0,5388
1282,2003,4,UA,-6.0,-3.0,42956
1283,2003,4,US,-3.0,-2.0,33733
1284,2003,4,WN,-3.0,0.0,79110
1285,2003,4,XE,-5.0,-3.0,26134
1286,2003,5,AA,-5.0,-3.0,62721
1287,2003,5,AS,-5.0,-3.0,13522
1288,2003,5,B6,-6.0,-1.0,5259
1289,2003,5,CO,-5.0,-3.0,25319
1290,2003,5,DH,-4.0,-2.0,24359
1291,2003,5,DL,-3.0,-1.0,52002
1292,2003,5,EV,-1.0,0.0,23620
1293,2003,5,FL,0.0,-1.0,11726
1294,2003,5,HP,-4.0,-1.0,16090
1295,2003,5,MQ,-6.0,-4.0,35101
1296,2003,5,NW,-4.0,-4.0,40575
1297,2003,5,OO,-4.0,0.0,30985
1298,2003,5,TZ,-4.0,-3.0,5676
1299,2003,5,UA,-4.0,-3.0,43454
1300,2003,5,US,-2.0,-3.0,35354
1301,2003,5,WN,-3.0,0.0,80466
1302,2003,5,XE,-4.0,-3.0,27553
1303,2003,6,AA,-3.0,-2.0,62278
1304,2003,6,AS,-3.0,-1.0,14537
1305,2003,6,B6,-4.0,1.0,5272
1306,2003,6,CO,-3.0,-2.0,25484
1307,2003,6,DH,-6.0,-2.0,24117
1308,2003,6,DL,0.0,0.0,53579
1309,2003,6,EV,1.0,0.0,22352
1310,2003,6,FL,0.0,0.0,12142
1311,2003,6,HP,-4.0,-1.0,15760
1312,2003,6,MQ,-4.0,-3.0,34949
1313,2003,6,NW,-3.0,-3.0,41529
1314,2003,6,OO,-4.0,0.0,31990
1315,2003,6,TZ,-4.0,-3.0,5789
1316,2003,6,UA,-4.0,-2.0,44793
1317,2003,6,US,-1.0,-2.0,34368
1318,2003,6,WN,-2.0,0.0,79325
1319,2003,6,XE,-2.0,-2.0,28232
1320,2003,7,AA,-1.0,-2.0,65400
1321,2003,7,AS,-2.0,-1.0,15570
1322,2003,7,B6,-6.0,0.0,5839
1323,2003,7,CO,-3.0,-2.0,26646
1324,2003,7,DH,-5.0,-1.0,24621
1325,2003,7,DL,0.0,0.0,55295
1326,2003,7,EV,4.0,0.0,22258
1327,2003,7,FL,2.0,0.0,12892
1328,2003,7,HP,-3.0,0.0,16279
1329,2003,7,MQ,-3.0,-3.0,36286
1330,2003,7,NW,-4.0,-3.0,43819
1331,2003,7,OO,-4.0,0.0,33609
1332,2003,7,TZ,-2.0,-2.0,5923
1333,2003,7,UA,-4.0,-2.0,47937
1334,2003,7,US,0.0,-2.0,34885
1335,2003,7,WN,-2.0,0.0,81608
1336,2003,7,XE,-1.0,-2.0,29701
1337,2003,8,AA,-1.0,-2.0,65247
1338,2003,8,AS,0.0,0.0,15537
1339,2003,8,B6,-2.0,1.0,5860
1340,2003,8,CO,-3.0,-2.0,26114
1341,2003,8,DH,-5.0,-1.0,24437
1342,2003,8,DL,1.0,0.0,56067
1343,2003,8,EV,2.0,0.0,21738
1344,2003,8,FL,5.0,0.0,12668
1345,2003,8,HP,-2.0,0.0,16171
1346,2003,8,MQ,-3.0,-3.0,36207
1347,2003,8,NW,-4.0,-3.0,43900
1348,2003,8,OO,-4.0,0.0,34626
1349,2003,8,TZ,-4.0,-3.0,5949
1350,2003,8,UA,-4.0,-2.0,47381
1351,2003,8,US,0.0,-2.0,34772
1352,2003,8,WN,-3.0,0.0,81420
1353,2003,8,XE,-1.0,-2.0,28890
1354,2003,9,AA,-5.0,-4.0,61075
1355,2003,9,AS,-5.0,-3.0,13514
1356,2003,9,B6,-8.0,-2.0,5503
1357,2003,9,CO,-3.0,-3.0,23537
1358,2003,9,DH,-8.0,-3.0,23670
1359,2003,9,DL,-3.0,-2.0,53919
1360,2003,9,EV,-3.0,0.0,21824
1361,2003,9,FL,-3.0,-3.0,11857
1362,2003,9,HP,-4.0,-2.0,15156
1363,2003,9,MQ,-5.0,-4.0,35230
1364,2003,9,NW,-4.0,-4.0,39204
1365,2003,9,OO,-5.0,0.0,33873
1366,2003,9,TZ,-8.0,-5.0,5801
1367,2003,9,UA,-6.0,-3.0,43875
1368,2003,9,US,-4.0,-4.0,32597
1369,2003,9,WN,-4.0,0.0,79583
1370,2003,9,XE,-2.0,-3.0,27496
1371,2003,10,AA,-5.0,-3.0,63290
1372,2003,10,AS,-3.0,-3.0,13559
1373,2003,10,B6,-7.0,-1.0,5856
1374,2003,10,CO,-5.0,-3.0,25082
1375,2003,10,DH,-7.0,-2.0,24563
1376,2003,10,DL,-2.0,-1.0,56425
1377,2003,10,EV,-4.0,0.0,23088
1378,2003,10,FL,-2.0,-1.0,12494
1379,2003,10,HP,-3.0,-1.0,15573
1380,2003,10,MQ,-5.0,-4.0,36792
1381,2003,10,NW,-4.0,-4.0,41367
1382,2003,10,OO,-4.0,0.0,35264
1383,2003,10,TZ,-6.0,-4.0,6270
1384,2003,10,UA,-4.0,-3.0,45967
1385,2003,10,US,-4.0,-4.0,34929
1386,2003,10,WN,-2.0,0.0,82873
1387,2003,10,XE,-3.0,-3.0,28978
1388,2003,11,AA,-2.0,-2.0,56945
1389,2003,11,AS,-2.0,-1.0,12666
1390,2003,11,B6,-7.0,-1.0,5897
1391,2003,11,CO,-1.0,-3.0,24418
1392,2003,11,DH,-5.0,-1.0,23459
1393,2003,11,DL,-1.0,-1.0,54199
1394,2003,11,EV,-5.0,0.0,22213
1395,2003,11,FL,0.0,0.0,12074
1396,2003,11,HA,-3.0,-2.0,3840
1397,2003,11,HP,-2.0,-1.0,14875
1398,2003,11,MQ,0.0,-2.0,35549
1399,2003,11,NW,-1.0,-3.0,39525
1400,2003,11,OO,-3.0,0.0,34674
1401,2003,11,TZ,-2.0,-3.0,6118
1402,2003,11,UA,-1.0,-2.0,43937
1403,2003,11,US,-4.0,-3.0,33376
1404,2003,11,WN,-2.0,0.0,77276
1405,2003,11,XE,0.0,-3.0,27130
1406,2003,12,AA,0.0,-1.0,60472
1407,2003,12,AS,1.0,0.0,13352
1408,2003,12,B6,-3.0,1.0,6514
1409,2003,12,CO,0.0,-2.0,26150
1410,2003,12,DH,-1.0,0.0,24369
1411,2003,12,DL,1.0,1.0,56835
1412,2003,12,EV,-5.0,0.0,23063
1413,2003,12,FL,4.0,0.0,12626
1414,2003,12,HA,-3.0,-2.0,3991
1415,2003,12,HP,-1.0,0.0,15556
1416,2003,12,MQ,1.0,-1.0,37900
1417,2003,12,NW,1.0,-2.0,41896
1418,2003,12,OO,0.0,0.0,36365
1419,2003,12,TZ,-2.0,-3.0,6369
1420,2003,12,UA,1.0,-1.0,46191
1421,2003,12,US,-2.0,-2.0,34321
1422,2003,12,WN,-1.0,0.0,80590
1423,2003,12,XE,1.0,-2.0,28935
1424,2005,1,AA,1.0,0.0,57700
1425,2005,1,AS,-1.0,0.0,13154
1426,2005,1,B6,5.0,5.0,8459
1427,2005,1,CO,0.0,-2.0,23046
1428,2005,1,DH,-7.0,-3.0,16279
1429,2005,1,DL,0.0,-1.0,57931
1430,2005,1,EV,-1.0,0.0,24835
1431,2005,1,FL,0.0,0.0,14854
1432,2005,1,HA,-4.0,-4.0,3928
1433,2005,1,HP,1.0,1.0,16255
1434,2005,1,MQ,1.0,-1.0,43009
1435,2005,1,NW,1.0,-2.0,40432
1436,2005,1,OH,0.0,0.0,33338
1437,2005,1,OO,-1.0,0.0,41443
1438,2005,1,TZ,-1.0,-4.0,5229
1439,2005,1,UA,1.0,0.0,41537
1440,2005,1,US,1.0,0.0,37507
1441,2005,1,WN,0.0,0.0,85903
1442,2005,1,XE,1.0,-2.0,30085
1443,2005,2,AA,-3.0,-2.0,52197
1444,2005,2,AS,-2.0,-1.0,11956
1445,2005,2,B6,2.0,1.0,7835
1446,2005,2,CO,0.0,-2.0,21768
1447,2005,2,DH,-4.0,-3.0,11653
1448,2005,2,DL,-1.0,-1.0,55015
1449,2005,2,EV,2.0,0.0,22594
1450,2005,2,FL,3.0,0.0,13714
1451,2005,2,HA,-4.0,-3.0,3553
1452,2005,2,HP,0.0,0.0,14755
1453,2005,2,MQ,-2.0,-3.0,39900
1454,2005,2,NW,0.0,-2.0,37809
1455,2005,2,OH,-4.0,0.0,30227
1456,2005,2,OO,-3.0,-1.0,38537
1457,2005,2,TZ,-3.0,-4.0,4169
1458,2005,2,UA,-3.0,-2.0,37155
1459,2005,2,US,-1.0,0.0,36011
1460,2005,2,WN,0.0,0.0,78220
1461,2005,2,XE,0.0,-3.0,28264
1462,2005,3,AA,-2.0,-1.0,58466
1463,2005,3,AS,0.0,0.0,13233
1464,2005,3,B6,6.0,3.0,9196
1465,2005,3,CO,2.0,-1.0,26680
1466,2005,3,DH,-4.0,-2.0,13263
1467,2005,3,DL,-1.0,-1.0,60784
1468,2005,3,EV,-2.0,0.0,26005
1469,2005,3,FL,3.0,0.0,15797
1470,2005,3,HA,-2.0,-2.0,3921
1471,2005,3,HP,-1.0,-1.0,16684
1472,2005,3,MQ,-2.0,-2.0,44844
1473,2005,3,NW,0.0,-2.0,44090
1474,2005,3,OH,-3.0,0.0,33124
1475,2005,3,OO,-3.0,-1.0,44527
1476,2005,3,TZ,-1.0,-3.0,4181
1477,2005,3,UA,-2.0,-1.0,40633
1478,2005,3,US,2.0,3.0,40742
1479,2005,3,WN,0.0,0.0,87562
1480,2005,3,XE,-1.0,-3.0,33808
1481,2005,4,AA,-5.0,-2.0,55773
1482,2005,4,AS,-2.0,-1.0,12753
1483,2005,4,B6,0.0,0.0,9241
1484,2005,4,CO,-1.0,-3.0,24826
1485,2005,4,DH,-6.0,-3.0,13127
1486,2005,4,DL,-3.0,-2.0,57967
1487,2005,4,EV,-3.0,0.0,25326
1488,2005,4,FL,-3.0,0.0,15737
1489,2005,4,HA,-5.0,-4.0,3889
1490,2005,4,HP,-3.0,-1.0,16196
1491,2005,4,MQ,-3.0,-3.0,43778
1492,2005,4,NW,-2.0,-3.0,42625
1493,2005,4,OH,-5.0,-1.0,32047
1494,2005,4,OO,-5.0,-2.0,42789
1495,2005,4,TZ,-6.0,-5.0,3616
1496,2005,4,UA,-6.0,-2.0,39119
1497,2005,4,US,-2.0,-1.0,38419
1498,2005,4,WN,-2.0,0.0,84517
1499,2005,4,XE,-2.0,-4.0,32747
1500,2005,5,AA,-5.0,-2.0,57228
1501,2005,5,AS,8.0,6.0,12796
1502,2005,5,B6,-1.0,0.0,8899
1503,2005,5,CO,-2.0,-3.0,24808
1504,2005,5,DH,-1.0,-2.0,12666
1505,2005,5,DL,-3.0,-2.0,59031
1506,2005,5,EV,-3.0,0.0,26209
1507,2005,5,F9,-2.0,-1.0,6269
1508,2005,5,FL,-3.0,0.0,16603
1509,2005,5,HA,-5.0,-4.0,4019
1510,2005,5,HP,-3.0,-1.0,16953
1511,2005,5,MQ,-3.0,-3.0,45943
1512,2005,5,NW,-2.0,-3.0,42514
1513,2005,5,OH,-6.0,0.0,32582
1514,2005,5,OO,-5.0,-2.0,43786
1515,2005,5,TZ,-7.0,-5.0,3587
1516,2005,5,UA,-3.0,-2.0,41045
1517,2005,5,US,-4.0,-2.0,37994
1518,2005,5,WN,-2.0,0.0,87862
1519,2005,5,XE,-3.0,-4.0,34008
1520,2005,6,AA,0.0,-1.0,57142
1521,2005,6,AS,13.0,11.0,13799
1522,2005,6,B6,3.0,2.0,8906
1523,2005,6,CO,-1.0,-1.0,25017
1524,2005,6,DH,0.0,-1.0,12031
1525,2005,6,DL,0.0,-1.0,56692
1526,2005,6,EV,0.0,0.0,26344
1527,2005,6,F9,-1.0,1.0,6406
1528,2005,6,FL,3.0,0.0,16547
1529,2005,6,HA,-4.0,-3.0,4137
1530,2005,6,HP,-1.0,-1.0,16726
1531,2005,6,MQ,-1.0,-1.0,44866
1532,2005,6,NW,1.0,-1.0,42589
1533,2005,6,OH,-4.0,0.0,31591
1534,2005,6,OO,-2.0,-1.0,43287
1535,2005,6,TZ,-3.0,-3.0,3688
1536,2005,6,UA,1.0,0.0,40962
1537,2005,6,US,-1.0,0.0,36805
1538,2005,6,WN,0.0,0.0,86593
1539,2005,6,XE,-2.0,-2.0,35067
1540,2005,7,AA,2.0,0.0,59726
1541,2005,7,AS,5.0,5.0,14317
1542,2005,7,B6,7.0,5.0,9546
1543,2005,7,CO,1.0,0.0,25851
1544,2005,7,DH,2.0,-1.0,12463
1545,2005,7,DL,3.0,0.0,58284
1546,2005,7,EV,3.0,0.0,26727
1547,2005,7,F9,-1.0,1.0,7119
1548,2005,7,FL,6.0,1.0,17465
1549,2005,7,HA,-5.0,-3.0,4400
1550,2005,7,HP,0.0,0.0,17307
1551,2005,7,MQ,0.0,-1.0,45669
1552,2005,7,NW,2.0,-1.0,44261
1553,2005,7,OH,-2.0,0.0,33290
1554,2005,7,OO,-3.0,-1.0,44077
1555,2005,7,TZ,-3.0,-2.0,3806
1556,2005,7,UA,-1.0,-1.0,42173
1557,2005,7,US,1.0,1.0,36707
1558,2005,7,WN,0.0,0.0,88726
1559,2005,7,XE,1.0,-1.0,36047
1560,2005,8,AA,-1.0,-1.0,58955
1561,2005,8,AS,3.0,2.0,14368
1562,2005,8,B6,0.0,0.0,9585
1563,2005,8,CO,-1.0,-1.0,25976
1564,2005,8,DH,-2.0,-3.0,12343
1565,2005,8,DL,1.0,0.0,58111
1566,2005,8,EV,4.0,0.0,27117
1567,2005,8,F9,-3.0,-1.0,6937
1568,2005,8,FL,3.0,0.0,17316
1569,2005,8,HA,-5.0,-4.0,4382
1570,2005,8,HP,-2.0,-1.0,17419
1571,2005,8,MQ,-1.0,-2.0,46605
1572,2005,8,NW,3.0,0.0,42446
1573,2005,8,OH,-2.0,0.0,34249
1574,2005,8,OO,-2.0,-1.0,45063
1575,2005,8,TZ,-5.0,-3.0,3793
1576,2005,8,UA,-3.0,-2.0,42077
1577,2005,8,US,-3.0,-1.0,36828
1578,2005,8,WN,0.0,0.0,90569
1579,2005,8,XE,0.0,-2.0,36765
1580,2005,9,AA,-3.0,-2.0,53453
1581,2005,9,AS,-2.0,-2.0,13146
1582,2005,9,B6,-5.0,-3.0,8624
1583,2005,9,CO,-3.0,-2.0,22803
1584,2005,9,DH,-5.0,-4.0,10093
1585,2005,9,DL,-3.0,-2.0,49866
1586,2005,9,EV,-5.0,0.0,25470
1587,2005,9,F9,-5.0,-3.0,6568
1588,2005,9,FL,-5.0,-2.0,15095
1589,2005,9,HA,-5.0,-4.0,3957
1590,2005,9,HP,-5.0,-2.0,16211
1591,2005,9,MQ,-3.0,-3.0,44408
1592,2005,9,NW,1.0,-1.0,37149
1593,2005,9,OH,-6.0,0.0,31990
1594,2005,9,OO,-3.0,-2.0,42785
1595,2005,9,TZ,-6.0,-4.0,3296
1596,2005,9,UA,-4.0,-2.0,39412
1597,2005,9,US,-6.0,-3.0,32452
1598,2005,9,WN,-2.0,0.0,84591
1599,2005,9,XE,-2.0,-3.0,32884
1600,2005,10,AA,-3.0,-2.0,54507
1601,2005,10,AS,-2.0,-3.0,13286
1602,2005,10,B6,-1.0,-1.0,9418
1603,2005,10,CO,-1.0,-2.0,25015
1604,2005,10,DH,-3.0,-3.0,9814
1605,2005,10,DL,-1.0,-1.0,51441
1606,2005,10,EV,-4.0,0.0,26096
1607,2005,10,F9,-3.0,-2.0,6750
1608,2005,10,FL,0.0,0.0,16954
1609,2005,10,HA,-5.0,-4.0,4029
1610,2005,10,HP,-4.0,-1.0,16688
1611,2005,10,MQ,-3.0,-3.0,45212
1612,2005,10,NW,-2.0,-2.0,35779
1613,2005,10,OH,-5.0,0.0,32929
1614,2005,10,OO,-3.0,-2.0,44830
1615,2005,10,TZ,-5.0,-3.0,3441
1616,2005,10,UA,-3.0,-2.0,40830
1617,2005,10,US,-3.0,-2.0,32997
1618,2005,10,WN,0.0,0.0,87943
1619,2005,10,XE,-1.0,-3.0,34753
1620,2005,11,AA,-1.0,-2.0,53461
1621,2005,11,AS,0.0,-1.0,12387
1622,2005,11,B6,0.0,0.0,10158
1623,2005,11,CO,-1.0,-2.0,24519
1624,2005,11,DH,-4.0,-4.0,6265
1625,2005,11,DL,0.0,-1.0,47747
1626,2005,11,EV,-3.0,0.0,24839
1627,2005,11,F9,-1.0,-1.0,6373
1628,2005,11,FL,-2.0,0.0,17035
1629,2005,11,HA,-5.0,-4.0,3898
1630,2005,11,HP,-4.0,-1.0,16039
1631,2005,11,MQ,-2.0,-2.0,43016
1632,2005,11,NW,1.0,-1.0,35093
1633,2005,11,OH,-2.0,0.0,31477
1634,2005,11,OO,-2.0,-1.0,43154
1635,2005,11,TZ,-3.0,-2.0,2831
1636,2005,11,UA,-4.0,-2.0,39686
1637,2005,11,US,-4.0,-2.0,30278
1638,2005,11,WN,-2.0,0.0,84471
1639,2005,11,XE,-2.0,-2.0,33411
1640,2005,12,AA,3.0,0.0,54961
1641,2005,12,AS,4.0,1.0,12905
1642,2005,12,B6,6.0,3.0,11183
1643,2005,12,CO,3.0,0.0,26352
1644,2005,12,DH,-1.0,-2.0,6495
1645,2005,12,DL,1.0,0.0,45433
1646,2005,12,EV,3.0,0.0,23085
1647,2005,12,F9,6.0,3.0,6833
1648,2005,12,FL,5.0,0.0,18275
1649,2005,12,HA,-5.0,-4.0,4070
1650,2005,12,HP,-2.0,0.0,16620
1651,2005,12,MQ,2.0,0.0,44782
1652,2005,12,NW,6.0,0.0,36045
1653,2005,12,OH,-1.0,0.0,24493
1654,2005,12,OO,2.0,1.0,43176
1655,2005,12,TZ,1.0,-1.0,2472
1656,2005,12,UA,2.0,1.0,41289
1657,2005,12,US,-1.0,0.0,28869
1658,2005,12,WN,0.0,0.0,89077
1659,2005,12,XE,2.0,-1.0,35928
1660,1999,1,AA,0.0,0.0,55920
1661,1999,1,AS,6.0,0.0,12461
1662,1999,1,CO,-1.0,0.0,33457
1663,1999,1,DL,1.0,0.0,77745
1664,1999,1,HP,4.0,0.0,17230
1665,1999,1,NW,0.0,-1.0,43872
1666,1999,1,TW,4.0,0.0,22826
1667,1999,1,UA,2.0,1.0,62414
1668,1999,1,US,5.0,3.0,58486
1669,1999,1,WN,0.0,0.0,69403
1670,1999,2,AA,-2.0,0.0,50834
1671,1999,2,AS,4.0,0.0,11400
1672,1999,2,CO,-4.0,-1.0,30879
1673,1999,2,DL,-1.0,0.0,70498
1674,1999,2,HP,2.0,0.0,15774
1675,1999,2,NW,-5.0,-2.0,40816
1676,1999,2,TW,-3.0,-1.0,21012
1677,1999,2,UA,-2.0,0.0,58027
1678,1999,2,US,0.0,0.0,54463
1679,1999,2,WN,0.0,0.0,63924
1680,1999,3,AA,1.0,0.0,56585
1681,1999,3,AS,3.0,0.0,13013
1682,1999,3,CO,-3.0,-1.0,34697
1683,1999,3,DL,-1.0,0.0,77812
1684,1999,3,HP,2.0,0.0,17462
1685,1999,3,NW,-5.0,-2.0,45575
1686,1999,3,TW,-3.0,0.0,23593
1687,1999,3,UA,-2.0,-1.0,65301
1688,1999,3,US,1.0,1.0,60671
1689,1999,3,WN,0.0,0.0,71558
1690,1999,4,AA,3.0,0.0,54656
1691,1999,4,AS,3.0,0.0,12584
1692,1999,4,CO,-1.0,-1.0,33078
1693,1999,4,DL,0.0,0.0,75343
1694,1999,4,HP,4.0,0.0,16927
1695,1999,4,NW,-3.0,-2.0,43963
1696,1999,4,TW,-1.0,0.0,22733
1697,1999,4,UA,2.0,-1.0,62838
1698,1999,4,US,1.0,0.0,58807
1699,1999,4,WN,1.0,0.0,69691
1700,1999,5,AA,4.0,0.0,56761
1701,1999,5,AS,3.0,0.0,13229
1702,1999,5,CO,0.0,-1.0,33218
1703,1999,5,DL,-1.0,0.0,77226
1704,1999,5,HP,3.0,0.0,17574
1705,1999,5,NW,-4.0,-2.0,44626
1706,1999,5,TW,-2.0,0.0,23293
1707,1999,5,UA,0.0,-1.0,65131
1708,1999,5,US,0.0,-1.0,59988
1709,1999,5,WN,0.0,0.0,71008
1710,1999,6,AA,4.0,0.0,56225
1711,1999,6,AS,4.0,0.0,13430
1712,1999,6,CO,3.0,0.0,33126
1713,1999,6,DL,2.0,1.0,75840
1714,1999,6,HP,5.0,0.0,17372
1715,1999,6,NW,-1.0,-1.0,45529
1716,1999,6,TW,4.0,0.0,23321
1717,1999,6,UA,2.0,0.0,65473
1718,1999,6,US,3.0,0.0,59343
1719,1999,6,WN,1.0,0.0,70808
1720,1999,7,AA,2.0,0.0,58137
1721,1999,7,AS,4.0,0.0,14139
1722,1999,7,CO,4.0,1.0,34274
1723,1999,7,DL,2.0,1.0,77264
1724,1999,7,HP,8.0,0.0,17965
1725,1999,7,NW,-1.0,-1.0,47093
1726,1999,7,TW,0.0,0.0,24011
1727,1999,7,UA,2.0,0.0,67544
1728,1999,7,US,4.0,2.0,60892
1729,1999,7,WN,0.0,0.0,72728
1730,1999,8,AA,-1.0,0.0,58847
1731,1999,8,AS,7.0,4.0,14250
1732,1999,8,CO,1.0,0.0,34843
1733,1999,8,DL,0.0,0.0,78141
1734,1999,8,HP,7.0,0.0,18239
1735,1999,8,NW,-3.0,-2.0,47525
1736,1999,8,TW,-2.0,0.0,24188
1737,1999,8,UA,2.0,0.0,68584
1738,1999,8,US,2.0,0.0,60595
1739,1999,8,WN,0.0,0.0,74337
1740,1999,9,AA,-2.0,-1.0,60684
1741,1999,9,AS,1.0,0.0,13267
1742,1999,9,CO,-1.0,-2.0,32858
1743,1999,9,DL,-2.0,0.0,75067
1744,1999,9,HP,5.0,0.0,17521
1745,1999,9,NW,-5.0,-3.0,44307
1746,1999,9,TW,-5.0,-1.0,22414
1747,1999,9,UA,0.0,-1.0,64679
1748,1999,9,US,0.0,-1.0,58068
1749,1999,9,WN,0.0,0.0,71386
1750,1999,10,AA,-2.0,-1.0,62652
1751,1999,10,AS,1.0,0.0,13312
1752,1999,10,CO,-1.0,-1.0,33779
1753,1999,10,DL,0.0,0.0,77829
1754,1999,10,HP,5.0,0.0,18213
1755,1999,10,NW,-4.0,-2.0,45531
1756,1999,10,TW,-4.0,-1.0,23582
1757,1999,10,UA,0.0,-1.0,67708
1758,1999,10,US,0.0,-1.0,62026
1759,1999,10,WN,0.0,0.0,73662
1760,1999,11,AA,-3.0,-1.0,60214
1761,1999,11,AS,4.0,0.0,12065
1762,1999,11,CO,-2.0,-1.0,32158
1763,1999,11,DL,-1.0,0.0,74411
1764,1999,11,HP,4.0,0.0,17435
1765,1999,11,NW,-6.0,-3.0,43160
1766,1999,11,TW,-5.0,-1.0,22412
1767,1999,11,UA,-2.0,-1.0,62084
1768,1999,11,US,0.0,-1.0,60039
1769,1999,11,WN,1.0,0.0,70972
1770,1999,12,AA,-1.5,0.0,61138
1771,1999,12,AS,7.0,3.0,12948
1772,1999,12,CO,0.0,-1.0,33647
1773,1999,12,DL,0.0,0.0,76954
1774,1999,12,HP,4.0,0.0,17784
1775,1999,12,NW,-4.0,-2.0,45183
1776,1999,12,TW,-3.0,-1.0,22445
1777,1999,12,UA,-1.0,0.0,64587
1778,1999,12,US,0.0,-2.0,61052
1779,1999,12,WN,2.0,0.0,74206
1780,1991,1,AA,2.0,1.0,56448
1781,1991,1,AS,3.0,0.0,7972
1782,1991,1,CO,2.0,0.0,35567
1783,1991,1,DL,6.0,3.0,70800
1784,1991,1,HP,3.0,0.0,19712
1785,1991,1,ML (1),5.0,0.0,8602
1786,1991,1,NW,-1.0,-1.0,37348
1787,1991,1,PA (1),-4.0,0.0,6720
1788,1991,1,TW,7.0,1.0,19304
1789,1991,1,UA,2.0,0.0,51945
1790,1991,1,US,1.0,0.0,83266
1791,1991,1,WN,5.0,2.0,29580
1792,1991,2,AA,-4.0,0.0,49905
1793,1991,2,AS,2.0,0.0,7143
1794,1991,2,CO,-1.0,0.0,31777
1795,1991,2,DL,1.0,1.0,65291
1796,1991,2,HP,3.0,0.0,17598
1797,1991,2,ML (1),2.0,0.0,7826
1798,1991,2,NW,-2.0,-2.0,34405
1799,1991,2,PA (1),-5.0,0.0,6084
1800,1991,2,TW,1.0,0.0,16940
1801,1991,2,UA,0.0,0.0,48287
1802,1991,2,US,-1.0,0.0,74887
1803,1991,2,WN,3.0,0.0,26977
1804,1991,3,AA,-3.0,0.0,58460
1805,1991,3,AS,1.0,0.0,7919
1806,1991,3,CO,0.0,0.0,35677
1807,1991,3,DL,2.0,1.0,72953
1808,1991,3,HP,5.0,1.0,19454
1809,1991,3,ML (1),0.0,0.0,7445
1810,1991,3,NW,-2.0,-2.0,38283
1811,1991,3,PA (1),-4.0,0.0,6999
1812,1991,3,TW,2.0,0.0,18889
1813,1991,3,UA,4.0,1.0,52911
1814,1991,3,US,0.0,0.0,81351
1815,1991,3,WN,5.0,3.0,28973
1816,1991,4,AA,-3.0,0.0,58634
1817,1991,4,AS,0.0,0.0,7807
1818,1991,4,CO,0.0,0.0,34636
1819,1991,4,DL,2.0,2.0,71303
1820,1991,4,HP,2.0,0.0,19088
1821,1991,4,ML (1),0.0,0.0,7250
1822,1991,4,NW,-2.0,-2.0,37936
1823,1991,4,PA (1),-3.0,0.0,6861
1824,1991,4,TW,-1.0,0.0,18514
1825,1991,4,UA,2.0,0.0,51175
1826,1991,4,US,-1.0,0.0,79445
1827,1991,4,WN,2.0,0.0,29547
1828,1991,5,AA,-4.0,0.0,61889
1829,1991,5,AS,0.0,0.0,8266
1830,1991,5,CO,-1.0,0.0,35779
1831,1991,5,DL,1.0,1.0,72708
1832,1991,5,HP,1.0,0.0,20142
1833,1991,5,ML (1),-2.0,0.0,6661
1834,1991,5,NW,-3.0,-2.0,39485
1835,1991,5,PA (1),-5.0,0.0,6840
1836,1991,5,TW,1.0,0.0,18673
1837,1991,5,UA,1.0,0.0,53578
1838,1991,5,US,1.0,0.0,75082
1839,1991,5,WN,0.0,0.0,31013
1840,1991,6,AA,-2.0,0.0,61687
1841,1991,6,AS,0.0,0.0,9068
1842,1991,6,CO,0.0,0.0,35009
1843,1991,6,DL,2.0,2.0,71646
1844,1991,6,HP,1.0,0.0,19284
1845,1991,6,ML (1),-3.0,0.0,6642
1846,1991,6,NW,-3.0,-2.0,39018
1847,1991,6,PA (1),-3.0,0.0,6972
1848,1991,6,TW,0.0,0.0,19781
1849,1991,6,UA,0.0,0.0,52665
1850,1991,6,US,1.0,0.0,72186
1851,1991,6,WN,0.0,0.0,30631
1852,1991,7,AA,0.0,0.0,63597
1853,1991,7,AS,0.0,0.0,9452
1854,1991,7,CO,0.0,0.0,36923
1855,1991,7,DL,2.0,2.0,74186
1856,1991,7,HP,1.0,0.0,20470
1857,1991,7,ML (1),-3.0,0.0,6593
1858,1991,7,NW,-4.0,-2.0,40347
1859,1991,7,PA (1),-3.0,0.0,7225
1860,1991,7,TW,1.0,0.0,20786
1861,1991,7,UA,-1.0,0.0,54708
1862,1991,7,US,1.0,1.0,74297
1863,1991,7,WN,-1.0,0.0,32538
1864,1991,8,AA,1.0,0.0,63858
1865,1991,8,AS,1.0,0.0,9466
1866,1991,8,CO,0.0,0.0,37334
1867,1991,8,DL,2.0,2.0,74490
1868,1991,8,HP,1.0,0.0,18003
1869,1991,8,ML (1),0.0,0.0,6565
1870,1991,8,NW,-3.0,-2.0,40707
1871,1991,8,PA (1),-2.0,0.0,7298
1872,1991,8,TW,0.0,0.0,20769
1873,1991,8,UA,0.0,0.0,55236
1874,1991,8,US,1.0,1.0,74736
1875,1991,8,WN,-1.0,0.0,33121
1876,1991,9,AA,0.0,0.0,61403
1877,1991,9,AS,-1.0,0.0,7544
1878,1991,9,CO,-2.0,0.0,35241
1879,1991,9,DL,1.0,1.0,73976
1880,1991,9,HP,-1.0,0.0,16241
1881,1991,9,ML (1),0.0,0.0,6497
1882,1991,9,NW,-4.0,-2.0,37924
1883,1991,9,PA (1),-4.0,0.0,3642
1884,1991,9,TW,-2.0,0.0,19564
1885,1991,9,UA,-2.0,0.0,51613
1886,1991,9,US,0.0,0.0,72530
1887,1991,9,WN,-2.0,0.0,31582
1888,1991,10,AA,1.0,0.0,63811
1889,1991,10,AS,0.0,0.0,8047
1890,1991,10,CO,0.0,0.0,36352
1891,1991,10,DL,2.0,1.0,77038
1892,1991,10,HP,-1.0,0.0,16936
1893,1991,10,ML (1),0.0,0.0,6541
1894,1991,10,NW,-2.0,-2.0,39221
1895,1991,10,PA (1),-4.0,0.0,3566
1896,1991,10,TW,0.0,0.0,20074
1897,1991,10,UA,-1.0,0.0,53286
1898,1991,10,US,1.0,1.0,75302
1899,1991,10,WN,-1.0,0.0,33208
1900,1991,11,AA,1.0,0.0,60466
1901,1991,11,AS,1.0,0.0,7956
1902,1991,11,CO,0.0,0.0,34348
1903,1991,11,DL,3.0,1.0,73254
1904,1991,11,HP,-1.0,0.0,16007
1905,1991,11,NW,0.0,-1.0,36878
1906,1991,11,PA (1),-3.0,0.0,2522
1907,1991,11,TW,-2.0,0.0,18506
1908,1991,11,UA,0.0,0.0,50854
1909,1991,11,US,0.0,1.0,71098
1910,1991,11,WN,-1.0,0.0,31048
1911,1991,12,AA,2.0,0.0,65033
1912,1991,12,AS,3.0,0.0,8312
1913,1991,12,CO,1.0,0.0,36091
1914,1991,12,DL,4.0,2.0,77146
1915,1991,12,HP,0.0,0.0,16961
1916,1991,12,NW,-1.0,-1.0,38678
1917,1991,12,TW,0.0,0.0,19969
1918,1991,12,UA,0.0,1.0,53835
1919,1991,12,US,1.0,1.0,73004
1920,1991,12,WN,-1.0,0.0,30516
1921,1994,1,AA,2.0,1.0,61458
1922,1994,1,AS,4.0,0.0,8654
1923,1994,1,CO,4.0,0.0,36758
1924,1994,1,DL,4.0,2.0,74721
1925,1994,1,HP,2.0,0.0,15147
1926,1994,1,NW,1.0,0.0,38872
1927,1994,1,TW,5.0,1.0,21589
1928,1994,1,UA,3.0,2.0,52026
1929,1994,1,US,5.0,4.0,70908
1930,1994,1,WN,0.0,0.0,43728
1931,1994,2,AA,1.0,0.0,55344
1932,1994,2,AS,3.0,0.0,7962
1933,1994,2,CO,4.0,0.0,33485
1934,1994,2,DL,3.0,2.0,67985
1935,1994,2,HP,3.0,0.0,13684
1936,1994,2,NW,-1.0,-1.0,36157
1937,1994,2,TW,1.0,0.0,19969
1938,1994,2,UA,2.0,1.0,47556
1939,1994,2,US,2.0,3.0,64710
1940,1994,2,WN,0.0,0.0,40102
1941,1994,3,AA,-2.0,0.0,62110
1942,1994,3,AS,3.0,0.0,9033
1943,1994,3,CO,3.0,0.0,39507
1944,1994,3,DL,2.0,2.0,75486
1945,1994,3,HP,2.0,0.0,15285
1946,1994,3,NW,-3.0,-1.0,40492
1947,1994,3,TW,-1.0,0.0,22580
1948,1994,3,UA,-2.0,0.0,53916
1949,1994,3,US,1.0,2.0,71986
1950,1994,3,WN,0.0,0.0,45121
1951,1994,4,AA,0.0,0.0,60028
1952,1994,4,AS,3.0,0.0,8867
1953,1994,4,CO,0.0,0.0,39485
1954,1994,4,DL,2.0,1.0,72542
1955,1994,4,HP,3.0,0.0,14538
1956,1994,4,NW,-3.0,-2.0,38923
1957,1994,4,TW,0.0,0.0,21692
1958,1994,4,UA,0.0,0.0,51436
1959,1994,4,US,0.0,2.0,69933
1960,1994,4,WN,0.0,0.0,43551
1961,1994,5,AA,-2.0,-1.0,61707
1962,1994,5,AS,2.0,0.0,9349
1963,1994,5,CO,-2.0,0.0,41096
1964,1994,5,DL,1.0,1.0,73942
1965,1994,5,HP,2.0,0.0,15048
1966,1994,5,NW,-4.0,-2.0,40611
1967,1994,5,TW,-3.0,0.0,22157
1968,1994,5,UA,0.0,0.0,53365
1969,1994,5,US,-1.0,1.0,73686
1970,1994,5,WN,-1.0,0.0,45471
1971,1994,6,AA,0.0,0.0,59387
1972,1994,6,AS,3.0,0.0,10587
1973,1994,6,CO,0.0,0.0,39989
1974,1994,6,DL,3.0,2.0,72352
1975,1994,6,HP,3.0,0.0,14681
1976,1994,6,NW,-2.0,-1.0,40522
1977,1994,6,TW,0.0,0.0,20685
1978,1994,6,UA,2.0,1.0,52542
1979,1994,6,US,1.0,2.0,70746
1980,1994,6,WN,0.0,0.0,44999
1981,1994,7,AA,1.0,0.0,61812
1982,1994,7,AS,2.0,0.0,11294
1983,1994,7,CO,0.0,0.0,42501
1984,1994,7,DL,4.0,3.0,73873
1985,1994,7,HP,6.0,0.0,14831
1986,1994,7,NW,-2.0,-1.0,41543
1987,1994,7,TW,0.0,0.0,21958
1988,1994,7,UA,1.0,1.0,54072
1989,1994,7,US,3.0,3.0,73836
1990,1994,7,WN,0.0,0.0,48016
1991,1994,8,AA,0.0,0.0,62441
1992,1994,8,AS,2.0,0.0,11429
1993,1994,8,CO,0.0,0.0,43594
1994,1994,8,DL,2.0,2.0,74595
1995,1994,8,HP,4.0,0.0,15166
1996,1994,8,NW,-2.0,-1.0,42438
1997,1994,8,TW,-1.0,0.0,22423
1998,1994,8,UA,0.0,1.0,55595
1999,1994,8,US,1.0,2.0,74530
2000,1994,8,WN,0.0,0.0,48875
2001,1994,9,AA,-1.0,0.0,59387
2002,1994,9,AS,2.0,0.0,10455
2003,1994,9,CO,-2.0,0.0,42999
2004,1994,9,DL,1.0,1.0,71003
2005,1994,9,HP,2.0,0.0,14650
2006,1994,9,NW,-3.0,-2.0,40101
2007,1994,9,TW,-2.0,0.0,20755
2008,1994,9,UA,-1.0,0.0,51823
2009,1994,9,US,-1.0,1.0,71212
2010,1994,9,WN,0.0,0.0,48476
2011,1994,10,AA,0.0,0.0,60981
2012,1994,10,AS,2.0,0.0,10382
2013,1994,10,CO,-1.0,0.0,44054
2014,1994,10,DL,2.0,2.0,73825
2015,1994,10,HP,2.0,0.0,15013
2016,1994,10,NW,-3.0,-2.0,41834
2017,1994,10,TW,0.0,0.0,21747
2018,1994,10,UA,-2.0,0.0,54930
2019,1994,10,US,-1.0,1.0,73277
2020,1994,10,WN,0.0,0.0,53326
2021,1994,11,AA,0.0,0.0,57597
2022,1994,11,AS,6.0,0.0,9646
2023,1994,11,CO,1.0,0.0,39885
2024,1994,11,DL,2.0,2.0,70598
2025,1994,11,HP,4.0,0.0,14630
2026,1994,11,NW,-3.0,-1.0,39806
2027,1994,11,TW,3.0,0.0,20849
2028,1994,11,UA,-2.0,1.0,53847
2029,1994,11,US,1.0,2.0,70541
2030,1994,11,WN,2.0,0.0,50828
2031,1994,12,AA,1.0,1.0,60025
2032,1994,12,AS,6.0,0.0,9817
2033,1994,12,CO,2.0,0.0,41481
2034,1994,12,DL,2.0,2.0,73604
2035,1994,12,HP,5.0,0.0,15178
2036,1994,12,NW,-2.0,-1.0,41499
2037,1994,12,TW,2.0,0.0,21801
2038,1994,12,UA,-2.0,2.0,57642
2039,1994,12,US,2.0,2.0,72541
2040,1994,12,WN,3.0,2.0,52933
2041,2001,1,AA,-3.0,0.0,64641
2042,2001,1,AQ,0.0,-1.0,5404
2043,2001,1,AS,5.0,0.0,13050
2044,2001,1,CO,-2.0,-2.0,33777
2045,2001,1,DL,0.0,0.0,76671
2046,2001,1,HP,4.0,0.0,19235
2047,2001,1,MQ,4.0,0.0,42723
2048,2001,1,NW,-5.0,-2.0,45865
2049,2001,1,TW,1.0,-1.0,21929
2050,2001,1,UA,-3.0,0.0,62351
2051,2001,1,US,-3.0,-2.0,63830
2052,2001,1,WN,0.0,0.0,80464
2053,2001,2,AA,0.0,0.0,57915
2054,2001,2,AQ,2.0,0.0,4896
2055,2001,2,AS,6.0,0.0,11870
2056,2001,2,CO,-3.0,-2.0,30619
2057,2001,2,DL,1.0,0.0,67415
2058,2001,2,HP,4.0,0.0,17314
2059,2001,2,MQ,3.0,1.0,38488
2060,2001,2,NW,-2.0,-2.0,42082
2061,2001,2,TW,2.0,0.0,19831
2062,2001,2,UA,0.0,0.0,57095
2063,2001,2,US,-4.0,-2.0,57288
2064,2001,2,WN,0.0,0.0,73011
2065,2001,3,AA,-1.0,0.0,64627
2066,2001,3,AQ,2.0,0.0,5487
2067,2001,3,AS,7.0,0.0,13104
2068,2001,3,CO,-2.0,-2.0,34194
2069,2001,3,DL,1.0,1.0,74960
2070,2001,3,HP,4.0,0.0,19216
2071,2001,3,MQ,2.0,1.0,42813
2072,2001,3,NW,-4.0,-2.0,46587
2073,2001,3,TW,-1.0,-1.0,21819
2074,2001,3,UA,-2.0,0.0,64102
2075,2001,3,US,-2.0,-1.0,63404
2076,2001,3,WN,0.0,0.0,80806
2077,2001,4,AA,-3.0,-1.0,62332
2078,2001,4,AQ,0.0,0.0,5344
2079,2001,4,AS,4.0,0.0,12791
2080,2001,4,CO,-6.0,-2.0,33101
2081,2001,4,DL,-2.0,0.0,72243
2082,2001,4,HP,3.0,0.0,17832
2083,2001,4,MQ,0.0,0.0,41858
2084,2001,4,NW,-4.0,-2.0,45488
2085,2001,4,TW,-3.0,-1.0,20799
2086,2001,4,UA,-1.0,0.0,61722
2087,2001,4,US,-4.0,-2.0,61582
2088,2001,4,WN,0.0,0.0,79095
2089,2001,5,AA,-4.0,-1.0,64075
2090,2001,5,AQ,0.0,0.0,5635
2091,2001,5,AS,2.0,0.0,13598
2092,2001,5,CO,-6.0,-2.0,33286
2093,2001,5,DL,-3.0,0.0,73793
2094,2001,5,HP,1.0,0.0,18282
2095,2001,5,MQ,0.0,0.0,43282
2096,2001,5,NW,-5.0,-3.0,47345
2097,2001,5,TW,-3.0,-2.0,21909
2098,2001,5,UA,-3.0,-1.0,63938
2099,2001,5,US,-4.0,-3.0,63437
2100,2001,5,WN,-1.0,0.0,81360
2101,2001,6,AA,-2.0,0.0,62691
2102,2001,6,AQ,2.0,0.0,5782
2103,2001,6,AS,5.0,0.0,14100
2104,2001,6,CO,-2.0,-1.0,32631
2105,2001,6,DL,1.0,1.0,72066
2106,2001,6,HP,2.0,0.0,17923
2107,2001,6,MQ,1.0,2.0,41830
2108,2001,6,NW,-2.0,-2.0,47169
2109,2001,6,TW,-1.0,-1.0,21738
2110,2001,6,UA,-1.0,0.0,64155
2111,2001,6,US,-1.0,-2.0,60530
2112,2001,6,WN,0.0,0.0,79615
2113,2001,7,AA,-3.0,0.0,65232
2114,2001,7,AQ,1.0,0.0,6034
2115,2001,7,AS,4.0,0.0,15095
2116,2001,7,CO,-4.0,-2.0,33555
2117,2001,7,DL,-1.0,0.0,74288
2118,2001,7,HP,2.0,0.0,18647
2119,2001,7,MQ,0.0,1.0,43379
2120,2001,7,NW,-3.0,-2.0,49433
2121,2001,7,TW,-3.0,-1.0,22272
2122,2001,7,UA,-1.0,0.0,66026
2123,2001,7,US,-2.0,-2.0,61545
2124,2001,7,WN,-1.0,0.0,82934
2125,2001,8,AA,-3.0,0.0,65542
2126,2001,8,AQ,1.0,0.0,5912
2127,2001,8,AS,6.0,1.5,15124
2128,2001,8,CO,-2.0,-2.0,35116
2129,2001,8,DL,0.0,0.0,74892
2130,2001,8,HP,3.0,0.0,19015
2131,2001,8,MQ,-1.0,0.0,43824
2132,2001,8,NW,-3.0,-2.0,49821
2133,2001,8,TW,-3.0,-1.0,22364
2134,2001,8,UA,-1.0,0.0,66646
2135,2001,8,US,0.0,-2.0,62264
2136,2001,8,WN,0.0,0.0,83831
2137,2001,9,AA,0.0,3.0,55846
2138,2001,9,AQ,-1.0,-2.0,5082
2139,2001,9,AS,-1.0,0.0,13002
2140,2001,9,CO,-7.0,-3.0,29893
2141,2001,9,DL,-6.0,-1.0,67821
2142,2001,9,HP,-2.0,-1.0,17495
2143,2001,9,MQ,-6.0,-1.0,42811
2144,2001,9,NW,-6.0,-3.0,43275
2145,2001,9,TW,-6.0,-2.0,19427
2146,2001,9,UA,-5.0,-1.0,59590
2147,2001,9,US,-5.0,-3.0,57377
2148,2001,9,WN,-4.0,0.0,79079
2149,2001,10,AA,-3.0,2.0,51963
2150,2001,10,AQ,3.0,1.0,4222
2151,2001,10,AS,2.0,0.0,11240
2152,2001,10,CO,-6.0,-3.0,26537
2153,2001,10,DL,-7.0,0.0,60133
2154,2001,10,HP,-2.0,0.0,16206
2155,2001,10,MQ,-9.0,-2.0,38898
2156,2001,10,NW,-4.0,-2.0,37967
2157,2001,10,TW,-4.0,-1.0,19140
2158,2001,10,UA,-1.0,0.0,51285
2159,2001,10,US,-4.0,-2.0,42941
2160,2001,10,WN,-2.0,0.0,83264
2161,2001,11,AA,-3.0,0.0,50000
2162,2001,11,AS,2.0,0.0,11490
2163,2001,11,CO,-4.0,-2.0,26824
2164,2001,11,DL,-4.0,0.0,59226
2165,2001,11,HP,-3.0,0.0,13986
2166,2001,11,MQ,-5.0,-1.0,34430
2167,2001,11,NW,-5.0,-2.0,37734
2168,2001,11,TW,-4.0,-1.0,16588
2169,2001,11,UA,0.0,-1.0,43391
2170,2001,11,US,-5.0,-1.0,46861
2171,2001,11,WN,-2.0,0.0,76856
2172,2001,12,AA,-3.0,0.0,52121
2173,2001,12,AS,4.0,2.0,11983
2174,2001,12,CO,-2.0,-2.0,27748
2175,2001,12,DL,-1.0,1.0,61728
2176,2001,12,HP,-3.0,0.0,14828
2177,2001,12,MQ,-4.0,-1.0,35082
2178,2001,12,NW,-1.0,-1.0,40279
2179,2001,12,TW,0.0,0.0,16905
2180,2001,12,UA,1.0,0.0,44676
2181,2001,12,US,-4.0,-2.0,47689
2182,2001,12,WN,0.0,0.0,76830
2183,1996,1,AA,5.0,1.0,55739
2184,1996,1,AS,5.0,0.0,11521
2185,1996,1,CO,2.0,0.0,34671
2186,1996,1,DL,12.0,6.0,74807
2187,1996,1,HP,5.0,0.0,16809
2188,1996,1,NW,0.0,-1.0,44998
2189,1996,1,TW,11.0,5.0,24366
2190,1996,1,UA,6.0,5.0,60839
2191,1996,1,US,6.0,5.0,61975
2192,1996,1,WN,0.0,0.0,61499
2193,1996,2,AA,1.0,0.0,51560
2194,1996,2,AS,5.0,0.0,10949
2195,1996,2,CO,1.0,0.0,32589
2196,1996,2,DL,8.0,4.0,70057
2197,1996,2,HP,6.0,0.0,15835
2198,1996,2,NW,0.0,-1.0,42218
2199,1996,2,TW,2.0,0.0,22742
2200,1996,2,UA,2.0,3.0,57930
2201,1996,2,US,4.0,4.0,57910
2202,1996,2,WN,0.0,0.0,58475
2203,1996,3,AA,0.0,0.0,55817
2204,1996,3,AS,3.0,0.0,11463
2205,1996,3,CO,2.0,0.0,34904
2206,1996,3,DL,5.0,2.0,74879
2207,1996,3,HP,5.0,0.0,16946
2208,1996,3,NW,-2.0,-1.0,45136
2209,1996,3,TW,3.0,0.0,24052
2210,1996,3,UA,-1.0,2.0,62335
2211,1996,3,US,3.0,4.0,61720
2212,1996,3,WN,0.0,0.0,62317
2213,1996,4,AA,1.0,0.0,53979
2214,1996,4,AS,4.0,0.0,11669
2215,1996,4,CO,1.0,0.0,34031
2216,1996,4,DL,3.0,1.0,71875
2217,1996,4,HP,4.0,0.0,16564
2218,1996,4,NW,-3.0,-2.0,44000
2219,1996,4,TW,1.0,0.0,22926
2220,1996,4,UA,-2.0,1.0,59169
2221,1996,4,US,2.0,2.0,59915
2222,1996,4,WN,0.0,0.0,61879
2223,1996,5,AA,1.0,0.0,55096
2224,1996,5,AS,3.0,0.0,12246
2225,1996,5,CO,-1.0,0.0,34671
2226,1996,5,DL,2.0,0.0,74337
2227,1996,5,HP,4.0,0.0,17101
2228,1996,5,NW,-1.0,-1.0,45359
2229,1996,5,TW,5.0,0.0,23493
2230,1996,5,UA,1.0,2.0,61427
2231,1996,5,US,1.0,2.0,60940
2232,1996,5,WN,0.0,0.0,64253
2233,1996,6,AA,4.0,1.0,54082
2234,1996,6,AS,8.0,0.0,12699
2235,1996,6,CO,3.0,1.0,34178
2236,1996,6,DL,3.0,2.0,73095
2237,1996,6,HP,6.0,0.0,16808
2238,1996,6,NW,1.0,-0.5,45772
2239,1996,6,TW,4.0,1.0,23474
2240,1996,6,UA,2.0,2.0,61215
2241,1996,6,US,1.0,2.0,58857
2242,1996,6,WN,0.0,0.0,63131
2243,1996,7,AA,5.0,1.0,56151
2244,1996,7,AS,9.0,0.0,13523
2245,1996,7,CO,2.0,0.0,35593
2246,1996,7,DL,3.0,1.0,74428
2247,1996,7,HP,6.0,0.0,17390
2248,1996,7,NW,-1.0,-1.0,47256
2249,1996,7,TW,5.0,1.0,24551
2250,1996,7,UA,1.0,2.0,63500
2251,1996,7,US,1.0,1.0,61008
2252,1996,7,WN,0.0,0.0,64976
2253,1996,8,AA,6.0,1.0,56833
2254,1996,8,AS,14.0,8.0,13521
2255,1996,8,CO,3.0,0.0,35845
2256,1996,8,DL,4.0,2.0,75200
2257,1996,8,HP,6.0,0.0,17307
2258,1996,8,NW,-1.0,-1.0,47249
2259,1996,8,TW,5.0,1.0,24734
2260,1996,8,UA,1.0,3.0,64076
2261,1996,8,US,2.0,1.0,61566
2262,1996,8,WN,0.0,0.0,65963
2263,1996,9,AA,1.0,0.0,52389
2264,1996,9,AS,6.0,0.0,12018
2265,1996,9,CO,1.0,0.0,33744
2266,1996,9,DL,3.0,0.0,72488
2267,1996,9,HP,4.0,0.0,16617
2268,1996,9,NW,-2.0,-2.0,44744
2269,1996,9,TW,1.0,0.0,22795
2270,1996,9,UA,1.0,2.0,60651
2271,1996,9,US,-1.0,-1.0,60243
2272,1996,9,WN,0.0,0.0,62663
2273,1996,10,AA,2.0,0.0,54834
2274,1996,10,AS,6.0,0.0,11783
2275,1996,10,CO,1.0,0.0,35464
2276,1996,10,DL,4.0,1.0,76326
2277,1996,10,HP,6.0,0.0,17288
2278,1996,10,NW,-1.0,-1.0,46643
2279,1996,10,TW,1.0,0.0,23707
2280,1996,10,UA,2.0,2.0,62574
2281,1996,10,US,0.0,0.0,62436
2282,1996,10,WN,2.0,0.0,65522
2283,1996,11,AA,-2.0,-1.0,52665
2284,1996,11,AS,5.0,0.0,11097
2285,1996,11,CO,0.0,0.0,33573
2286,1996,11,DL,3.0,1.0,73284
2287,1996,11,HP,4.0,0.0,16712
2288,1996,11,NW,-1.0,-1.0,43911
2289,1996,11,TW,-1.0,0.0,22181
2290,1996,11,UA,-1.0,1.0,59588
2291,1996,11,US,0.0,0.0,59781
2292,1996,11,WN,1.0,0.0,62296
2293,1996,12,AA,2.0,0.0,56394
2294,1996,12,AS,9.0,4.0,11802
2295,1996,12,CO,3.0,1.0,35147
2296,1996,12,DL,6.0,3.0,77530
2297,1996,12,HP,7.0,0.0,17624
2298,1996,12,NW,6.0,1.0,45755
2299,1996,12,TW,5.0,3.0,23155
2300,1996,12,UA,6.0,5.0,61962
2301,1996,12,US,4.0,2.0,62183
2302,1996,12,WN,5.0,5.0,64445
2303,2000,1,AA,-3.0,-1.0,61666
2304,2000,1,AS,4.0,0.0,12668
2305,2000,1,CO,-1.0,-1.0,32813
2306,2000,1,DL,0.0,0.0,78055
2307,2000,1,HP,4.0,0.0,17819
2308,2000,1,NW,-4.0,-2.0,44902
2309,2000,1,TW,-3.0,-1.0,22343
2310,2000,1,UA,1.0,0.0,64790
2311,2000,1,US,1.0,-1.0,61179
2312,2000,1,WN,0.0,0.0,74242
2313,2000,2,AA,-1.0,0.0,58072
2314,2000,2,AS,6.0,1.0,12019
2315,2000,2,CO,0.0,-1.0,31546
2316,2000,2,DL,-1.0,0.0,71090
2317,2000,2,HP,6.0,0.0,16934
2318,2000,2,NW,-3.0,-2.0,42887
2319,2000,2,TW,-3.0,-1.0,21261
2320,2000,2,UA,2.0,0.0,62029
2321,2000,2,US,0.0,-2.0,57935
2322,2000,2,WN,2.0,0.0,70726
2323,2000,3,AA,-1.0,0.0,62759
2324,2000,3,AS,4.0,0.0,13205
2325,2000,3,CO,-1.0,-1.0,34461
2326,2000,3,DL,-1.0,0.0,78453
2327,2000,3,HP,6.0,0.0,18627
2328,2000,3,NW,-4.0,-2.0,46097
2329,2000,3,TW,-2.0,-1.0,22994
2330,2000,3,UA,1.0,0.0,67455
2331,2000,3,US,-2.0,-2.0,62672
2332,2000,3,WN,3.0,0.0,76221
2333,2000,4,AA,-1.0,0.0,60276
2334,2000,4,AS,2.0,0.0,12374
2335,2000,4,CO,-3.0,-1.0,32445
2336,2000,4,DL,-1.0,0.0,75247
2337,2000,4,HP,4.0,0.0,18061
2338,2000,4,NW,-3.0,-2.0,44157
2339,2000,4,TW,-1.0,-1.0,22237
2340,2000,4,UA,4.0,0.0,65095
2341,2000,4,US,2.0,-1.0,60048
2342,2000,4,WN,1.0,0.0,73323
2343,2000,5,AA,-2.0,0.0,62081
2344,2000,5,AS,2.0,0.0,12631
2345,2000,5,CO,-3.0,-1.0,32968
2346,2000,5,DL,-1.0,0.0,76797
2347,2000,5,HP,4.0,0.0,18620
2348,2000,5,NW,-3.0,-2.0,45553
2349,2000,5,TW,1.0,0.0,22738
2350,2000,5,UA,7.0,2.0,67997
2351,2000,5,US,-1.0,-2.0,62710
2352,2000,5,WN,0.0,0.0,76814
2353,2000,6,AA,2.0,1.0,61093
2354,2000,6,AS,5.0,2.0,12705
2355,2000,6,CO,-1.0,0.0,32458
2356,2000,6,DL,1.0,1.0,74846
2357,2000,6,HP,7.0,3.0,18443
2358,2000,6,NW,-1.0,-1.0,46974
2359,2000,6,TW,5.0,1.0,22667
2360,2000,6,UA,13.0,7.0,66081
2361,2000,6,US,3.0,1.0,60777
2362,2000,6,WN,4.0,4.0,75056
2363,2000,7,AA,0.0,0.0,63158
2364,2000,7,AS,5.0,2.0,13869
2365,2000,7,CO,-4.0,-1.0,32798
2366,2000,7,DL,0.0,1.0,75776
2367,2000,7,HP,5.0,3.0,18507
2368,2000,7,NW,-3.0,-1.0,48651
2369,2000,7,TW,2.0,0.0,23181
2370,2000,7,UA,17.0,10.0,66746
2371,2000,7,US,1.0,-1.0,64436
2372,2000,7,WN,2.0,0.0,76220
2373,2000,8,AA,0.0,0.0,63959
2374,2000,8,AS,5.0,0.0,13727
2375,2000,8,CO,-3.0,-1.0,33803
2376,2000,8,DL,0.0,0.0,77654
2377,2000,8,HP,8.0,3.0,18766
2378,2000,8,NW,-3.0,-2.0,49194
2379,2000,8,TW,1.0,0.0,23427
2380,2000,8,UA,17.0,9.0,66759
2381,2000,8,US,3.0,0.0,64943
2382,2000,8,WN,2.0,0.0,79134
2383,2000,9,AA,-2.0,-1.0,60667
2384,2000,9,AS,1.0,0.0,12735
2385,2000,9,CO,-3.0,-2.0,31366
2386,2000,9,DL,-1.0,0.0,73696
2387,2000,9,HP,1.0,0.0,17870
2388,2000,9,NW,-4.0,-2.0,44790
2389,2000,9,TW,-2.0,-1.0,21533
2390,2000,9,UA,0.0,0.0,62268
2391,2000,9,US,0.0,-2.0,62677
2392,2000,9,WN,0.0,0.0,75495
2393,2000,10,AA,0.0,-1.0,63381
2394,2000,10,AS,3.0,0.0,13180
2395,2000,10,CO,-3.0,-2.0,33434
2396,2000,10,DL,-2.0,0.0,77425
2397,2000,10,HP,7.0,1.0,18812
2398,2000,10,NW,-4.0,-2.0,47298
2399,2000,10,TW,0.0,-1.0,22399
2400,2000,10,UA,1.0,1.0,65188
2401,2000,10,US,-1.0,-2.0,65017
2402,2000,10,WN,3.0,0.0,79627
2403,2000,11,AA,1.0,0.0,61194
2404,2000,11,AQ,0.0,-1.0,5396
2405,2000,11,AS,5.0,0.0,12189
2406,2000,11,CO,-2.0,-1.0,31903
2407,2000,11,DL,4.0,2.0,73659
2408,2000,11,HP,5.0,0.0,18049
2409,2000,11,NW,-1.0,-1.0,45013
2410,2000,11,TW,-1.0,-1.0,21067
2411,2000,11,UA,1.0,2.0,60167
2412,2000,11,US,0.0,-1.0,62503
2413,2000,11,WN,2.0,0.0,76111
2414,2000,12,AA,3.0,1.0,63959
2415,2000,12,AQ,0.0,-1.0,5640
2416,2000,12,AS,9.0,5.0,12869
2417,2000,12,CO,0.0,-1.0,33041
2418,2000,12,DL,7.0,4.0,75331
2419,2000,12,HP,5.0,0.0,18652
2420,2000,12,NW,6.0,1.0,45821
2421,2000,12,TW,6.0,1.0,21284
2422,2000,12,UA,4.0,4.0,61984
2423,2000,12,US,2.0,0.0,63727
2424,2000,12,WN,5.0,5.0,78730
2425,2004,1,AA,1.0,-1.0,60893
2426,2004,1,AS,0.0,-1.0,13281
2427,2004,1,B6,-1.0,1.0,6784
2428,2004,1,CO,-1.0,-3.0,24391
2429,2004,1,DH,-2.0,0.0,23302
2430,2004,1,DL,1.0,0.0,56745
2431,2004,1,EV,-7.0,0.0,22858
2432,2004,1,FL,2.0,0.0,12558
2433,2004,1,HA,-2.0,-2.0,3879
2434,2004,1,HP,1.0,-1.0,16278
2435,2004,1,MQ,1.0,-2.0,38276
2436,2004,1,NW,1.0,-3.0,40977
2437,2004,1,OH,-3.0,0.0,30892
2438,2004,1,OO,0.0,0.0,36623
2439,2004,1,TZ,0.0,-2.0,6603
2440,2004,1,UA,0.0,-1.0,45809
2441,2004,1,US,-4.0,-2.0,34395
2442,2004,1,WN,-2.0,0.0,81107
2443,2004,1,XE,0.0,-3.0,28336
2444,2004,2,AA,-1.0,-1.0,57000
2445,2004,2,AS,-3.0,-3.0,12481
2446,2004,2,B6,-6.0,-1.0,6726
2447,2004,2,CO,-1.0,-3.0,23741
2448,2004,2,DH,-5.0,-1.0,22254
2449,2004,2,DL,2.0,0.0,54423
2450,2004,2,EV,-3.0,0.0,20692
2451,2004,2,FL,5.0,0.0,12185
2452,2004,2,HA,-3.0,-2.0,3743
2453,2004,2,HP,3.0,0.0,15393
2454,2004,2,MQ,-1.0,-2.0,35762
2455,2004,2,NW,0.0,-3.0,39750
2456,2004,2,OH,-4.0,0.0,29292
2457,2004,2,OO,-1.0,0.0,34441
2458,2004,2,TZ,-3.0,-3.0,6314
2459,2004,2,UA,-2.0,-2.0,42675
2460,2004,2,US,-6.0,-2.0,32019
2461,2004,2,WN,0.0,0.0,77190
2462,2004,2,XE,-1.0,-3.0,27795
2463,2004,3,AA,-3.0,-2.0,61062
2464,2004,3,AS,-3.0,-2.0,13670
2465,2004,3,B6,-5.0,-1.0,7365
2466,2004,3,CO,0.0,-3.0,26727
2467,2004,3,DH,-5.0,-1.0,24351
2468,2004,3,DL,-1.0,-1.0,58796
2469,2004,3,EV,-8.0,0.0,22133
2470,2004,3,FL,-4.0,0.0,13284
2471,2004,3,HA,-3.0,-2.0,4052
2472,2004,3,HP,2.0,0.0,16816
2473,2004,3,MQ,-1.0,-2.0,39445
2474,2004,3,NW,-1.0,-3.0,43927
2475,2004,3,OH,-6.0,0.0,31328
2476,2004,3,OO,-3.0,0.0,36565
2477,2004,3,TZ,-2.0,-3.0,6723
2478,2004,3,UA,-3.0,-3.0,46512
2479,2004,3,US,-6.0,-2.0,34269
2480,2004,3,WN,-1.0,0.0,83152
2481,2004,3,XE,-1.0,-4.0,31235
2482,2004,4,AA,-5.0,-3.0,58537
2483,2004,4,AS,-5.0,-3.0,13318
2484,2004,4,B6,-5.0,-1.0,7428
2485,2004,4,CO,-1.0,-2.0,25625
2486,2004,4,DH,-7.0,-2.0,23214
2487,2004,4,DL,-1.0,-1.0,57197
2488,2004,4,EV,-7.0,0.0,22410
2489,2004,4,FL,-6.0,0.0,12919
2490,2004,4,HA,-5.0,-3.0,3918
2491,2004,4,HP,0.0,-1.0,16095
2492,2004,4,MQ,-3.0,-3.0,38982
2493,2004,4,NW,-3.0,-4.0,41903
2494,2004,4,OH,-5.0,0.0,30313
2495,2004,4,OO,-2.0,0.0,35277
2496,2004,4,TZ,-5.0,-4.0,6400
2497,2004,4,UA,-5.0,-3.0,45309
2498,2004,4,US,-5.0,-2.0,33388
2499,2004,4,WN,0.0,0.0,80174
2500,2004,4,XE,-1.0,-4.0,30563
2501,2004,5,AA,-4.0,-2.0,59011
2502,2004,5,AS,-3.0,-3.0,14224
2503,2004,5,B6,-5.0,-1.0,7335
2504,2004,5,CO,-1.0,-3.0,25263
2505,2004,5,DH,-4.0,-1.0,23538
2506,2004,5,DL,1.0,-1.0,58499
2507,2004,5,EV,-5.0,0.0,22793
2508,2004,5,FL,-5.0,0.0,13139
2509,2004,5,HA,-5.0,-4.0,3976
2510,2004,5,HP,-1.0,-1.0,16487
2511,2004,5,MQ,-1.0,-2.0,40422
2512,2004,5,NW,0.0,-2.0,42752
2513,2004,5,OH,-3.0,0.0,31452
2514,2004,5,OO,-3.0,0.0,36370
2515,2004,5,TZ,-4.0,-4.0,6407
2516,2004,5,UA,-1.0,-2.0,46630
2517,2004,5,US,-6.0,-2.0,33600
2518,2004,5,WN,0.0,0.0,81862
2519,2004,5,XE,0.0,-3.0,30697
2520,2004,6,AA,0.0,-1.0,58312
2521,2004,6,AS,-1.0,0.0,14880
2522,2004,6,B6,-3.0,0.0,7274
2523,2004,6,CO,3.0,-1.0,24928
2524,2004,6,DH,-4.0,0.0,18960
2525,2004,6,DL,4.0,1.0,57640
2526,2004,6,EV,2.0,0.0,22577
2527,2004,6,FL,-2.0,0.0,13016
2528,2004,6,HA,-5.0,-3.0,4162
2529,2004,6,HP,2.0,1.0,16560
2530,2004,6,MQ,2.0,-1.0,39879
2531,2004,6,NW,2.0,-1.0,42930
2532,2004,6,OH,-2.0,0.0,30128
2533,2004,6,OO,-1.0,0.0,37547
2534,2004,6,TZ,-2.0,-2.0,6486
2535,2004,6,UA,-1.0,-1.0,47663
2536,2004,6,US,-3.0,-1.0,33464
2537,2004,6,WN,0.0,0.0,81495
2538,2004,6,XE,2.0,-2.0,30891
2539,2004,7,AA,-2.0,-1.0,59511
2540,2004,7,AS,-2.0,0.0,15595
2541,2004,7,B6,-2.0,1.0,7720
2542,2004,7,CO,-1.0,-1.0,25529
2543,2004,7,DH,-3.0,0.0,22516
2544,2004,7,DL,3.0,1.0,58536
2545,2004,7,EV,-1.0,0.0,23999
2546,2004,7,FL,-3.0,0.0,14478
2547,2004,7,HA,-5.0,-3.0,4445
2548,2004,7,HP,1.0,0.0,16735
2549,2004,7,MQ,0.0,-1.0,41586
2550,2004,7,NW,0.0,-2.0,44632
2551,2004,7,OH,-1.0,0.0,30834
2552,2004,7,OO,-2.0,0.0,40579
2553,2004,7,TZ,0.0,-1.0,6623
2554,2004,7,UA,-2.0,-1.0,49860
2555,2004,7,US,-4.0,-1.0,34923
2556,2004,7,WN,0.0,0.0,84000
2557,2004,7,XE,-1.0,-2.0,32065
2558,2004,8,AA,-2.0,-2.0,59954
2559,2004,8,AS,-1.0,0.0,15584
2560,2004,8,B6,-1.0,2.0,7799
2561,2004,8,CO,-3.0,-2.0,25521
2562,2004,8,DH,-7.0,-2.0,23278
2563,2004,8,DL,1.0,0.0,58784
2564,2004,8,EV,-4.0,0.0,24339
2565,2004,8,FL,-5.0,-1.0,14700
2566,2004,8,HA,-5.0,-4.0,4469
2567,2004,8,HP,2.0,1.0,16456
2568,2004,8,MQ,-2.0,-2.0,42016
2569,2004,8,NW,-2.0,-2.0,44892
2570,2004,8,OH,-3.0,0.0,31116
2571,2004,8,OO,-3.0,-1.0,42074
2572,2004,8,TZ,-3.0,-3.0,6742
2573,2004,8,UA,-3.0,-2.0,50837
2574,2004,8,US,-4.0,-1.0,36109
2575,2004,8,WN,0.0,0.0,85627
2576,2004,8,XE,-2.0,-3.0,32810
2577,2004,9,AA,-7.0,-3.0,54263
2578,2004,9,AS,-3.0,-2.0,13856
2579,2004,9,B6,-7.0,-2.0,7239
2580,2004,9,CO,-6.0,-3.0,23161
2581,2004,9,DH,-8.0,-3.0,23598
2582,2004,9,DL,-1.0,-1.0,55557
2583,2004,9,EV,-4.0,0.0,23763
2584,2004,9,FL,-6.0,-2.0,13324
2585,2004,9,HA,-6.0,-4.0,3810
2586,2004,9,HP,-3.0,-1.0,15904
2587,2004,9,MQ,-5.0,-3.0,40871
2588,2004,9,NW,-3.0,-3.0,39751
2589,2004,9,OH,-5.0,0.0,30297
2590,2004,9,OO,-5.0,-2.0,40869
2591,2004,9,TZ,-8.0,-4.0,5569
2592,2004,9,UA,-7.0,-3.0,45832
2593,2004,9,US,-5.0,-2.0,35671
2594,2004,9,WN,-2.0,0.0,82447
2595,2004,9,XE,-5.0,-5.0,29343
2596,2004,10,AA,-3.0,-2.0,56526
2597,2004,10,AS,-2.0,-2.0,13753
2598,2004,10,B6,-6.0,-1.0,7861
2599,2004,10,CO,-4.0,-3.0,24530
2600,2004,10,DH,-5.0,-2.0,24317
2601,2004,10,DL,0.0,0.0,57967
2602,2004,10,EV,1.0,0.0,24572
2603,2004,10,FL,-2.0,-1.0,14106
2604,2004,10,HA,-5.0,-4.0,3856
2605,2004,10,HP,1.0,0.0,16553
2606,2004,10,MQ,-3.0,-2.0,42381
2607,2004,10,NW,0.0,-3.0,41897
2608,2004,10,OH,-2.0,0.0,31597
2609,2004,10,OO,-3.0,-1.0,41665
2610,2004,10,TZ,-4.0,-2.0,6234
2611,2004,10,UA,-4.0,-2.0,47012
2612,2004,10,US,-3.0,-1.0,38102
2613,2004,10,WN,0.0,0.0,85621
2614,2004,10,XE,-2.0,-4.0,31487
2615,2004,11,AA,-3.0,-2.0,55140
2616,2004,11,AS,1.0,1.0,12949
2617,2004,11,B6,-5.0,0.0,7871
2618,2004,11,CO,-1.0,-2.0,24555
2619,2004,11,DH,-7.0,-3.0,18378
2620,2004,11,DL,0.0,0.0,55940
2621,2004,11,EV,1.0,0.0,24163
2622,2004,11,FL,-2.0,0.0,13976
2623,2004,11,HA,-5.0,-4.0,3796
2624,2004,11,HP,1.0,0.0,16101
2625,2004,11,MQ,-1.0,-2.0,40839
2626,2004,11,NW,-2.0,-3.0,41680
2627,2004,11,OH,-2.0,0.0,32440
2628,2004,11,OO,-3.0,-1.0,39864
2629,2004,11,TZ,-2.0,-3.0,5508
2630,2004,11,UA,-5.0,-2.0,43060
2631,2004,11,US,-2.0,-1.0,36544
2632,2004,11,WN,0.0,0.0,81460
2633,2004,11,XE,0.0,-3.0,30346
2634,2004,12,AA,1.0,0.0,58339
2635,2004,12,AS,4.0,4.0,13401
2636,2004,12,B6,3.0,5.0,8432
2637,2004,12,CO,1.0,-1.0,25358
2638,2004,12,DH,-4.0,-1.0,17249
2639,2004,12,DL,1.0,1.0,57554
2640,2004,12,EV,1.0,0.0,24562
2641,2004,12,FL,0.0,0.0,14873
2642,2004,12,HA,-5.0,-4.0,3971
2643,2004,12,HP,3.0,2.0,16561
2644,2004,12,MQ,1.0,-1.0,42629
2645,2004,12,NW,1.0,-2.0,42195
2646,2004,12,OH,-1.0,0.0,33657
2647,2004,12,OO,0.0,0.0,41574
2648,2004,12,TZ,1.0,-2.0,5924
2649,2004,12,UA,0.0,0.0,44613
2650,2004,12,US,2.0,1.0,37435
2651,2004,12,WN,0.0,0.0,86269
2652,2004,12,XE,3.0,-2.0,32135
2653,2007,1,9E,-2.0,-2.0,21062
2654,2007,1,AA,1.0,0.0,55124
2655,2007,1,AQ,-4.0,-3.0,3875
2656,2007,1,AS,-2.0,-1.0,12828
2657,2007,1,B6,2.0,0.0,15367
2658,2007,1,CO,0.0,-1.0,26047
2659,2007,1,DL,-3.0,-1.0,39276
2660,2007,1,EV,1.0,0.0,22594
2661,2007,1,F9,1.0,-1.0,7812
2662,2007,1,FL,-3.0,-2.0,20632
2663,2007,1,HA,-4.0,-4.0,4622
2664,2007,1,MQ,0.0,-1.0,45967
2665,2007,1,NW,3.0,-2.0,35527
2666,2007,1,OH,2.0,0.0,21462
2667,2007,1,OO,3.0,0.0,48387
2668,2007,1,UA,0.0,-1.0,41310
2669,2007,1,US,2.0,0.0,42101
2670,2007,1,WN,-3.0,1.0,96330
2671,2007,1,XE,-1.0,-2.0,35327
2672,2007,1,YV,0.0,0.0,25909
2673,2007,2,9E,2.0,-1.0,19907
2674,2007,2,AA,2.0,0.0,49503
2675,2007,2,AQ,-3.0,-2.0,3517
2676,2007,2,AS,-2.0,-1.0,11746
2677,2007,2,B6,4.0,1.0,14533
2678,2007,2,CO,0.0,-1.0,24224
2679,2007,2,DL,-2.0,-1.0,35710
2680,2007,2,EV,5.0,5.0,21198
2681,2007,2,F9,2.0,0.0,7203
2682,2007,2,FL,1.0,-1.0,19194
2683,2007,2,HA,-3.0,-3.0,4172
2684,2007,2,MQ,2.0,0.0,41203
2685,2007,2,NW,8.0,0.0,32800
2686,2007,2,OH,7.0,0.0,18466
2687,2007,2,OO,4.0,0.0,44408
2688,2007,2,UA,3.0,0.0,37665
2689,2007,2,US,7.0,4.0,37951
2690,2007,2,WN,-2.0,1.0,86974
2691,2007,2,XE,-1.0,-1.0,31702
2692,2007,2,YV,2.0,0.0,23528
2693,2007,3,9E,-4.0,-2.0,22298
2694,2007,3,AA,-1.0,-1.0,55040
2695,2007,3,AQ,-3.0,-3.0,3980
2696,2007,3,AS,-2.0,-1.0,13002
2697,2007,3,B6,3.0,1.0,16685
2698,2007,3,CO,0.0,-1.0,28330
2699,2007,3,DL,-2.0,-1.0,41179
2700,2007,3,EV,0.0,0.0,24085
2701,2007,3,F9,-2.0,-1.0,8099
2702,2007,3,FL,-2.0,-1.0,22327
2703,2007,3,HA,-3.0,-3.0,4683
2704,2007,3,MQ,-2.0,-1.0,45410
2705,2007,3,NW,5.0,-1.0,37003
2706,2007,3,OH,3.0,0.0,20519
2707,2007,3,OO,-1.0,-2.0,50514
2708,2007,3,UA,0.0,-1.0,42714
2709,2007,3,US,10.0,7.0,42921
2710,2007,3,WN,-3.0,1.0,97928
2711,2007,3,XE,-2.0,-1.0,35993
2712,2007,3,YV,0.0,0.0,26499
2713,2007,4,9E,-4.0,-3.0,21214
2714,2007,4,AA,0.0,-1.0,52186
2715,2007,4,AQ,-4.0,-3.0,3882
2716,2007,4,AS,-4.0,-2.0,12833
2717,2007,4,B6,3.0,1.0,16504
2718,2007,4,CO,-1.0,-1.0,27331
2719,2007,4,DL,-2.0,-1.0,38744
2720,2007,4,EV,0.0,0.0,23351
2721,2007,4,F9,-2.0,-2.0,7883
2722,2007,4,FL,-3.0,-2.0,21754
2723,2007,4,HA,-4.0,-4.0,4565
2724,2007,4,MQ,-1.0,-1.0,43582
2725,2007,4,NW,2.0,-2.0,35420
2726,2007,4,OH,3.0,0.0,19062
2727,2007,4,OO,-2.0,-2.0,48388
2728,2007,4,UA,-1.0,-1.0,40822
2729,2007,4,US,6.0,3.0,41334
2730,2007,4,WN,-3.0,1.0,96085
2731,2007,4,XE,-2.0,-1.0,34233
2732,2007,4,YV,-1.0,0.0,25475
2733,2007,5,9E,-3.0,-3.0,21295
2734,2007,5,AA,1.0,-1.0,53754
2735,2007,5,AQ,-4.0,-3.0,3819
2736,2007,5,AS,-1.0,-1.0,14075
2737,2007,5,B6,-4.0,-2.0,15864
2738,2007,5,CO,-2.0,-2.0,27885
2739,2007,5,DL,-3.0,-2.0,38747
2740,2007,5,EV,-2.0,0.0,23437
2741,2007,5,F9,1.0,0.0,8532
2742,2007,5,FL,-5.0,-2.0,22570
2743,2007,5,HA,-3.0,-4.0,4707
2744,2007,5,MQ,-1.0,-1.0,46088
2745,2007,5,NW,3.0,-2.0,36910
2746,2007,5,OH,0.0,0.0,19242
2747,2007,5,OO,-1.0,-2.0,49696
2748,2007,5,UA,-1.0,-2.0,41520
2749,2007,5,US,4.0,1.0,42215
2750,2007,5,WN,-2.0,1.0,98773
2751,2007,5,XE,-5.0,-2.0,36226
2752,2007,5,YV,-3.0,-1.0,26254
2753,2007,6,9E,0.0,-2.0,21816
2754,2007,6,AA,6.0,2.0,52070
2755,2007,6,AQ,-3.0,-2.0,3900
2756,2007,6,AS,2.0,1.0,14315
2757,2007,6,B6,2.0,0.0,15624
2758,2007,6,CO,1.0,0.0,27366
2759,2007,6,DL,3.0,0.0,40200
2760,2007,6,EV,8.0,7.0,25164
2761,2007,6,F9,4.0,3.0,8364
2762,2007,6,FL,0.0,0.0,22691
2763,2007,6,HA,-3.0,-3.0,4808
2764,2007,6,MQ,4.0,1.0,44952
2765,2007,6,NW,5.0,-1.0,36005
2766,2007,6,OH,3.0,0.0,20023
2767,2007,6,OO,0.0,-1.0,50818
2768,2007,6,UA,2.0,0.0,40987
2769,2007,6,US,6.0,4.0,40547
2770,2007,6,WN,0.0,3.0,96693
2771,2007,6,XE,-2.0,-1.0,37140
2772,2007,6,YV,0.0,0.0,25797
2773,2007,7,9E,-2.0,-2.0,22190
2774,2007,7,AA,4.0,1.0,53837
2775,2007,7,AQ,-3.0,-3.0,3921
2776,2007,7,AS,3.0,2.0,14797
2777,2007,7,B6,1.0,0.0,16426
2778,2007,7,CO,0.0,0.0,27889
2779,2007,7,DL,4.0,1.0,41606
2780,2007,7,EV,9.0,9.0,25551
2781,2007,7,F9,3.0,2.0,9024
2782,2007,7,FL,1.0,0.0,23663
2783,2007,7,HA,-4.0,-4.0,5060
2784,2007,7,MQ,2.0,0.0,46794
2785,2007,7,NW,2.0,-1.0,36009
2786,2007,7,OH,4.0,0.0,20503
2787,2007,7,OO,0.0,-2.0,53050
2788,2007,7,UA,0.0,-1.0,42486
2789,2007,7,US,3.0,2.0,41673
2790,2007,7,WN,0.0,3.0,100397
2791,2007,7,XE,-2.0,-1.0,38981
2792,2007,7,YV,-2.0,0.0,24703
2793,2007,8,9E,0.0,-2.0,22840
2794,2007,8,AA,1.0,0.0,53800
2795,2007,8,AQ,-5.0,-4.0,4069
2796,2007,8,AS,4.0,3.0,14722
2797,2007,8,B6,-2.0,-1.0,16655
2798,2007,8,CO,-3.0,-1.0,28483
2799,2007,8,DL,3.0,0.0,41763
2800,2007,8,EV,9.0,8.0,26026
2801,2007,8,F9,1.0,1.0,8790
2802,2007,8,FL,0.0,0.0,23259
2803,2007,8,HA,-3.0,-3.0,5036
2804,2007,8,MQ,1.0,0.0,47061
2805,2007,8,NW,4.0,-1.0,35142
2806,2007,8,OH,3.0,0.0,20772
2807,2007,8,OO,0.0,-2.0,53955
2808,2007,8,UA,1.0,0.0,43176
2809,2007,8,US,2.0,2.0,41211
2810,2007,8,WN,-1.0,2.0,101673
2811,2007,8,XE,-5.0,-2.0,39905
2812,2007,8,YV,-2.0,0.0,24941
2813,2007,9,9E,-6.0,-3.0,21238
2814,2007,9,AA,-3.0,-2.0,51266
2815,2007,9,AQ,-5.0,-4.0,3723
2816,2007,9,AS,0.0,-1.0,13402
2817,2007,9,B6,-9.0,-5.0,15123
2818,2007,9,CO,-8.0,-3.0,24746
2819,2007,9,DL,-3.0,-2.0,38815
2820,2007,9,EV,4.0,3.0,22644
2821,2007,9,F9,-2.0,-2.0,7928
2822,2007,9,FL,-6.0,-3.0,21004
2823,2007,9,HA,-4.0,-4.0,4581
2824,2007,9,MQ,-4.0,-2.0,44669
2825,2007,9,NW,0.0,-3.0,32170
2826,2007,9,OH,-2.0,0.0,18673
2827,2007,9,OO,-3.0,-4.0,48869
2828,2007,9,UA,-3.0,-2.0,39276
2829,2007,9,US,-3.0,-1.0,37774
2830,2007,9,WN,-3.0,0.0,96586
2831,2007,9,XE,-8.0,-3.0,35317
2832,2007,9,YV,-4.0,-2.0,22383
2833,2007,10,9E,-5.0,-3.0,22290
2834,2007,10,AA,-1.0,-2.0,53472
2835,2007,10,AQ,-4.0,-3.0,3763
2836,2007,10,AS,2.0,-1.0,13337
2837,2007,10,B6,-5.0,-3.0,15518
2838,2007,10,CO,-4.0,-2.0,27381
2839,2007,10,DL,-2.0,-2.0,41345
2840,2007,10,EV,4.0,3.0,25033
2841,2007,10,F9,0.0,-1.0,8279
2842,2007,10,FL,-3.0,-2.0,21706
2843,2007,10,HA,-4.0,-4.0,4707
2844,2007,10,MQ,-3.0,-2.0,46034
2845,2007,10,NW,1.0,-3.0,33446
2846,2007,10,OH,0.0,0.0,19719
2847,2007,10,OO,-2.0,-3.0,51029
2848,2007,10,UA,-2.0,-1.0,41235
2849,2007,10,US,-1.0,-1.0,40018
2850,2007,10,WN,-2.0,1.0,100212
2851,2007,10,XE,-5.0,-2.0,38320
2852,2007,10,YV,-3.0,-2.0,23148
2853,2007,11,9E,-5.0,-3.0,20813
2854,2007,11,AA,-1.0,-1.0,51229
2855,2007,11,AQ,-4.0,-3.0,3884
2856,2007,11,AS,-2.0,-2.0,12292
2857,2007,11,B6,-6.0,-3.0,16073
2858,2007,11,CO,-1.0,-2.0,26316
2859,2007,11,DL,-4.0,-2.0,39381
2860,2007,11,EV,-3.0,0.0,23567
2861,2007,11,F9,-1.0,-1.0,7859
2862,2007,11,FL,-2.0,-2.0,21781
2863,2007,11,HA,-4.0,-4.0,4543
2864,2007,11,MQ,-3.0,-2.0,44175
2865,2007,11,NW,1.0,-3.0,31950
2866,2007,11,OH,-1.0,0.0,18962
2867,2007,11,OO,-4.0,-4.0,48423
2868,2007,11,UA,-2.0,-1.0,38803
2869,2007,11,US,-4.0,-1.0,38499
2870,2007,11,WN,-3.0,1.0,97798
2871,2007,11,XE,-4.0,-2.0,35749
2872,2007,11,YV,-3.0,-2.0,23052
2873,2007,12,9E,7.0,2.0,21888
2874,2007,12,AA,7.0,3.0,52576
2875,2007,12,AQ,-4.0,-3.0,4027
2876,2007,12,AS,0.0,-1.0,12836
2877,2007,12,B6,2.0,0.0,17078
2878,2007,12,CO,4.0,0.0,27153
2879,2007,12,DL,1.0,-1.0,39123
2880,2007,12,EV,3.0,2.0,23584
2881,2007,12,F9,10.0,5.0,7987
2882,2007,12,FL,4.0,0.0,22578
2883,2007,12,HA,-3.0,-4.0,4691
2884,2007,12,MQ,8.0,4.0,44559
2885,2007,12,NW,9.0,0.0,32144
2886,2007,12,OH,8.0,0.0,16384
2887,2007,12,OO,4.0,0.0,50345
2888,2007,12,UA,8.0,4.0,40008
2889,2007,12,US,-2.0,0.0,39203
2890,2007,12,WN,1.0,3.0,99422
2891,2007,12,XE,3.0,0.0,35880
2892,2007,12,YV,2.0,0.0,22673
2893,2008,1,9E,0.0,-1.0,22848
2894,2008,1,AA,2.0,0.0,52410
2895,2008,1,AQ,-4.0,-4.0,4028
2896,2008,1,AS,-1.0,-2.0,12729
2897,2008,1,B6,-4.0,-3.0,16447
2898,2008,1,CO,1.0,-1.0,25177
2899,2008,1,DL,-2.0,-2.0,38256
2900,2008,1,EV,-1.0,0.0,23115
2901,2008,1,F9,2.0,0.0,7692
2902,2008,1,FL,0.0,-3.0,20519
2903,2008,1,HA,-4.0,-5.0,4679
2904,2008,1,MQ,0.0,-1.0,43454
2905,2008,1,NW,2.0,-2.0,30908
2906,2008,1,OH,0.0,0.0,18644
2907,2008,1,OO,2.0,-2.0,48992
2908,2008,1,UA,4.0,1.0,38026
2909,2008,1,US,-5.0,-2.0,39226
2910,2008,1,WN,-1.0,1.0,101396
2911,2008,1,XE,-1.0,-1.0,35058
2912,2008,1,YV,0.0,0.0,22161
2913,2008,2,9E,2.0,-1.0,21008
2914,2008,2,AA,5.0,0.0,48618
2915,2008,2,AQ,-4.0,-4.0,3772
2916,2008,2,AS,-3.0,-2.0,11882
2917,2008,2,B6,0.0,-1.0,15984
2918,2008,2,CO,2.0,2.0,24326
2919,2008,2,DL,-1.0,-1.0,36275
2920,2008,2,EV,1.0,0.0,22095
2921,2008,2,F9,2.0,1.0,7126
2922,2008,2,FL,5.0,0.0,20340
2923,2008,2,HA,-3.0,-4.0,4390
2924,2008,2,MQ,3.0,0.0,40221
2925,2008,2,NW,5.0,-1.0,29102
2926,2008,2,OH,4.0,0.0,17081
2927,2008,2,OO,0.0,-2.0,46140
2928,2008,2,UA,2.0,0.0,36764
2929,2008,2,US,-4.0,-2.0,36815
2930,2008,2,WN,0.0,2.0,94484
2931,2008,2,XE,1.0,-1.0,32098
2932,2008,2,YV,0.0,0.0,20715
2933,2008,3,9E,-3.0,-2.0,22534
2934,2008,3,AA,4.0,0.0,52021
2935,2008,3,AS,-2.0,-2.0,12757
2936,2008,3,B6,-1.0,-2.0,17906
2937,2008,3,CO,3.0,3.0,27216
2938,2008,3,DL,1.0,-1.0,39829
2939,2008,3,EV,1.0,0.0,24014
2940,2008,3,F9,4.0,2.0,7953
2941,2008,3,FL,2.0,-1.0,23351
2942,2008,3,HA,-4.0,-4.0,4705
2943,2008,3,MQ,0.0,-1.0,42159
2944,2008,3,NW,2.0,-2.0,31833
2945,2008,3,OH,3.0,0.0,18699
2946,2008,3,OO,-2.0,-2.0,51318
2947,2008,3,UA,-1.0,-1.0,40449
2948,2008,3,US,-5.0,-2.0,39403
2949,2008,3,WN,1.0,3.0,102314
2950,2008,3,XE,0.0,-1.0,36623
2951,2008,3,YV,-2.0,-1.0,21006
2952,2008,4,9E,-5.0,-3.0,21969
2953,2008,4,AA,2.0,-1.0,51470
2954,2008,4,AS,-4.0,-3.0,12517
2955,2008,4,B6,-5.0,-3.0,17141
2956,2008,4,CO,0.0,1.0,25983
2957,2008,4,DL,0.0,-2.0,37049
2958,2008,4,EV,-2.0,-2.0,23159
2959,2008,4,F9,-1.0,-1.0,7909
2960,2008,4,FL,-3.0,-3.0,22646
2961,2008,4,HA,-3.0,-3.0,4611
2962,2008,4,MQ,-1.0,-2.0,42026
2963,2008,4,NW,1.0,-3.0,30956
2964,2008,4,OH,0.0,0.0,17510
2965,2008,4,OO,-4.0,-3.0,48734
2966,2008,4,UA,-1.0,-1.0,38797
2967,2008,4,US,-5.0,-3.0,38095
2968,2008,4,WN,-2.0,0.0,100772
2969,2008,4,XE,-1.0,-2.0,34978
2970,2008,4,YV,0.0,-1.0,21804
2971,2008,5,9E,-7.0,-3.0,22212
2972,2008,5,AA,3.0,0.0,53250
2973,2008,5,AS,-4.0,-2.0,13137
2974,2008,5,B6,-4.0,-3.0,16169
2975,2008,5,CO,0.0,0.0,26238
2976,2008,5,DL,-3.0,-2.0,36349
2977,2008,5,EV,-4.0,-3.0,23232
2978,2008,5,F9,2.0,0.0,8581
2979,2008,5,FL,-4.0,-3.0,23386
2980,2008,5,HA,-2.0,-3.0,4688
2981,2008,5,MQ,-3.0,-2.0,43348
2982,2008,5,NW,0.0,-3.0,31756
2983,2008,5,OH,-1.0,0.0,17082
2984,2008,5,OO,-4.0,-3.0,48632
2985,2008,5,UA,-1.0,-1.0,39864
2986,2008,5,US,-6.0,-3.0,38935
2987,2008,5,WN,-2.0,1.0,102591
2988,2008,5,XE,-1.0,-2.0,34660
2989,2008,5,YV,-1.0,-2.0,22183
2990,2008,6,9E,-5.0,-3.0,21506
2991,2008,6,AA,7.0,1.0,50842
2992,2008,6,AS,-2.0,-1.0,13390
2993,2008,6,B6,2.0,-1.0,16525
2994,2008,6,CO,3.0,2.0,26378
2995,2008,6,DL,1.0,-1.0,37844
2996,2008,6,EV,-3.0,-2.0,24876
2997,2008,6,F9,4.0,1.0,8600
2998,2008,6,FL,-1.0,-1.0,23311
2999,2008,6,HA,-3.0,-4.0,5301
3000,2008,6,MQ,1.0,0.0,43921
3001,2008,6,NW,3.0,-1.0,31821
3002,2008,6,OH,3.0,0.0,17328
3003,2008,6,OO,-2.0,-1.0,49636
3004,2008,6,UA,5.0,2.0,40237
3005,2008,6,US,-4.0,-2.0,38567
3006,2008,6,WN,-1.0,2.0,100890
3007,2008,6,XE,1.0,-1.0,35254
3008,2008,6,YV,1.0,0.0,22438
3009,2008,7,9E,-7.0,-3.0,21768
3010,2008,7,AA,1.0,0.0,52924
3011,2008,7,AS,-2.0,-2.0,14190
3012,2008,7,B6,0.0,-1.0,17460
3013,2008,7,CO,-2.0,1.0,27494
3014,2008,7,DL,1.0,0.0,39335
3015,2008,7,EV,-1.0,-1.0,26162
3016,2008,7,F9,-1.0,-1.0,9328
3017,2008,7,FL,-1.0,0.0,24061
3018,2008,7,HA,-2.0,-3.0,5632
3019,2008,7,MQ,-2.0,-2.0,45287
3020,2008,7,NW,-2.0,-3.0,32283
3021,2008,7,OH,3.0,0.0,18292
3022,2008,7,OO,-4.0,-2.0,49654
3023,2008,7,UA,0.0,0.0,41381
3024,2008,7,US,-5.0,-2.0,39809
3025,2008,7,WN,-4.0,0.0,103649
3026,2008,7,XE,-2.0,-2.0,36582
3027,2008,7,YV,0.0,0.0,22640
3028,2008,8,9E,-9.0,-4.0,21456
3029,2008,8,AA,0.0,0.0,53186
3030,2008,8,AS,-2.0,-1.0,13765
3031,2008,8,B6,1.0,0.0,17482
3032,2008,8,CO,-1.0,1.0,27088
3033,2008,8,DL,-1.0,-1.0,38173
3034,2008,8,EV,-4.0,-2.0,25286
3035,2008,8,F9,-2.0,-1.0,9011
3036,2008,8,FL,-3.0,-2.0,23534
3037,2008,8,HA,-3.0,-4.0,5597
3038,2008,8,MQ,-3.0,-2.0,43704
3039,2008,8,NW,-5.0,-3.0,29572
3040,2008,8,OH,2.0,0.0,17567
3041,2008,8,OO,-5.0,-3.0,49784
3042,2008,8,UA,-2.0,-1.0,40325
3043,2008,8,US,-6.0,-2.0,38293
3044,2008,8,WN,-4.0,0.0,101797
3045,2008,8,XE,-1.0,-1.0,35136
3046,2008,8,YV,-1.0,-1.0,21523
3047,2008,9,9E,-9.0,-4.0,20854
3048,2008,9,AA,-4.0,-2.0,48215
3049,2008,9,AS,-7.0,-3.0,12082
3050,2008,9,B6,-7.0,-4.0,14078
3051,2008,9,CO,-6.0,-2.0,21514
3052,2008,9,DL,-3.0,-2.0,36304
3053,2008,9,EV,-5.0,-3.0,20869
3054,2008,9,F9,-5.0,-4.0,7521
3055,2008,9,FL,-5.0,-4.0,19152
3056,2008,9,HA,-4.0,-4.0,4892
3057,2008,9,MQ,-6.0,-3.0,39471
3058,2008,9,NW,-8.0,-4.0,25183
3059,2008,9,OH,-2.0,0.0,15423
3060,2008,9,OO,-6.0,-4.0,44047
3061,2008,9,UA,-4.0,-2.0,34508
3062,2008,9,US,-6.0,-3.0,35739
3063,2008,9,WN,-6.0,-1.0,98130
3064,2008,9,XE,-7.0,-4.0,23151
3065,2008,9,YV,-1.0,-2.0,19775
3066,2008,10,9E,-9.0,-4.0,22216
3067,2008,10,AA,-4.0,-2.0,49788
3068,2008,10,AS,-5.0,-3.0,12294
3069,2008,10,B6,-7.0,-4.0,14547
3070,2008,10,CO,-3.0,0.0,22778
3071,2008,10,DL,-2.0,-2.0,38645
3072,2008,10,EV,-3.0,-3.0,21428
3073,2008,10,F9,-4.0,-3.0,7569
3074,2008,10,FL,-3.0,-3.0,20544
3075,2008,10,HA,-3.0,-3.0,5435
3076,2008,10,MQ,-6.0,-3.0,38170
3077,2008,10,NW,-7.0,-4.0,25560
3078,2008,10,OH,-5.0,0.0,13547
3079,2008,10,OO,-5.0,-4.0,44695
3080,2008,10,UA,-8.0,-2.0,35481
3081,2008,10,US,-6.0,-4.0,36982
3082,2008,10,WN,-5.0,0.0,101756
3083,2008,10,XE,-5.0,-3.0,24095
3084,2008,10,YV,-2.0,-2.0,20675
3085,2008,11,9E,-5.0,-4.0,21371
3086,2008,11,AA,-7.0,-3.0,44832
3087,2008,11,AS,-3.0,-2.0,11029
3088,2008,11,B6,-7.0,-4.0,15645
3089,2008,11,CO,-2.0,0.0,21572
3090,2008,11,DL,0.0,-2.0,36939
3091,2008,11,EV,-1.0,-3.0,22865
3092,2008,11,F9,-3.0,-2.0,7106
3093,2008,11,FL,-1.0,-3.0,20212
3094,2008,11,HA,-3.0,-4.0,5783
3095,2008,11,MQ,-5.0,-2.0,33908
3096,2008,11,NW,-6.0,-3.0,24043
3097,2008,11,OH,-2.0,0.0,12723
3098,2008,11,OO,-5.0,-3.0,41287
3099,2008,11,UA,-9.0,-3.0,31040
3100,2008,11,US,-4.0,-4.0,35091
3101,2008,11,WN,-6.0,-1.0,96144
3102,2008,11,XE,-6.0,-3.0,22285
3103,2008,11,YV,-3.0,-3.0,19397
3104,2008,12,9E,3.0,-1.0,22466
3105,2008,12,AA,-1.0,0.0,47329
3106,2008,12,AS,6.0,3.0,11330
3107,2008,12,B6,2.0,0.0,16707
3108,2008,12,CO,5.0,4.0,22691
3109,2008,12,DL,4.0,0.0,36933
3110,2008,12,EV,5.0,0.0,23474
3111,2008,12,F9,8.0,5.0,7366
3112,2008,12,FL,4.0,0.0,20628
3113,2008,12,HA,-1.0,-2.0,6113
3114,2008,12,MQ,4.0,1.0,35024
3115,2008,12,NW,4.0,0.0,24635
3116,2008,12,OH,8.0,0.0,13711
3117,2008,12,OO,3.0,0.0,44240
3118,2008,12,UA,-1.0,0.0,32643
3119,2008,12,US,0.0,-1.0,36634
3120,2008,12,WN,1.0,4.0,97831
3121,2008,12,XE,1.0,0.0,24590
3122,2008,12,YV,2.0,0.0,20613
3123,2006,1,AA,-2.0,-2.0,54607
3124,2006,1,AS,1.0,-1.0,12903
3125,2006,1,B6,1.0,0.0,11045
3126,2006,1,CO,-1.0,-1.0,24521
3127,2006,1,DL,-2.0,-1.0,44778
3128,2006,1,EV,-2.0,0.0,22267
3129,2006,1,F9,-2.0,-2.0,6892
3130,2006,1,FL,-3.0,-2.0,18465
3131,2006,1,HA,-5.0,-4.0,4140
3132,2006,1,MQ,-3.0,-2.0,44997
3133,2006,1,NW,-2.0,-2.0,33772
3134,2006,1,OH,-3.0,0.0,23951
3135,2006,1,OO,-2.0,-2.0,43113
3136,2006,1,TZ,-2.0,-2.0,1945
3137,2006,1,UA,-2.0,-1.0,40336
3138,2006,1,US,-4.0,-1.0,44544
3139,2006,1,WN,-4.0,0.0,90345
3140,2006,1,XE,-3.0,-3.0,33534
3141,2006,1,YV,-2.0,0.0,25132
3142,2006,2,AA,-1.0,-1.0,49934
3143,2006,2,AS,1.0,-1.0,11649
3144,2006,2,B6,4.0,2.0,10655
3145,2006,2,CO,2.0,-1.0,22910
3146,2006,2,DL,-1.0,-1.0,40282
3147,2006,2,EV,0.0,0.0,21017
3148,2006,2,F9,3.0,1.0,6261
3149,2006,2,FL,0.0,0.0,17052
3150,2006,2,HA,-4.0,-3.0,3744
3151,2006,2,MQ,-1.0,-2.0,40682
3152,2006,2,NW,-1.0,-2.0,31624
3153,2006,2,OH,-4.0,0.0,20589
3154,2006,2,OO,-1.0,-1.0,40457
3155,2006,2,TZ,3.0,-0.5,1577
3156,2006,2,UA,-2.0,-1.0,37729
3157,2006,2,US,-2.0,-1.0,39234
3158,2006,2,WN,-2.0,0.0,82175
3159,2006,2,XE,0.0,-2.0,31239
3160,2006,2,YV,-3.0,0.0,22437
3161,2006,3,AA,0.0,-1.0,55904
3162,2006,3,AS,1.0,-1.0,13072
3163,2006,3,B6,-1.0,-1.0,12383
3164,2006,3,CO,3.0,-1.0,27531
3165,2006,3,DL,-2.0,-1.0,45718
3166,2006,3,EV,0.0,0.0,23983
3167,2006,3,F9,5.0,3.0,7016
3168,2006,3,FL,-2.0,-1.0,19516
3169,2006,3,HA,-2.0,-3.0,4145
3170,2006,3,MQ,-1.0,-1.0,45177
3171,2006,3,NW,-2.0,-2.0,36904
3172,2006,3,OH,-4.0,0.0,23208
3173,2006,3,OO,1.0,0.0,46337
3174,2006,3,TZ,3.0,0.0,1750
3175,2006,3,UA,1.0,0.0,42644
3176,2006,3,US,-2.0,-1.0,44295
3177,2006,3,WN,-1.0,0.0,92111
3178,2006,3,XE,1.0,-2.0,38038
3179,2006,3,YV,-3.0,0.0,25485
3180,2006,4,AA,-1.0,-1.0,53496
3181,2006,4,AQ,0.0,-2.0,3530
3182,2006,4,AS,0.0,-2.0,12725
3183,2006,4,B6,-3.0,-2.0,12537
3184,2006,4,CO,2.0,0.0,25747
3185,2006,4,DL,-4.0,-2.0,42835
3186,2006,4,EV,-1.0,0.0,22760
3187,2006,4,F9,-1.0,-1.0,6882
3188,2006,4,FL,-4.0,-1.0,19071
3189,2006,4,HA,-4.0,-4.0,4016
3190,2006,4,MQ,0.0,-1.0,45721
3191,2006,4,NW,-2.0,-3.0,35242
3192,2006,4,OH,-4.0,0.0,22785
3193,2006,4,OO,-3.0,-2.0,44441
3194,2006,4,TZ,7.0,0.0,1632
3195,2006,4,UA,-2.0,-1.0,40872
3196,2006,4,US,-1.0,-1.0,41951
3197,2006,4,WN,0.0,0.0,88881
3198,2006,4,XE,-1.0,-2.0,35836
3199,2006,4,YV,-3.0,0.0,24391
3200,2006,5,AA,-1.0,-1.0,55304
3201,2006,5,AQ,-2.0,-3.0,3653
3202,2006,5,AS,-3.0,-3.0,13516
3203,2006,5,B6,-4.0,-2.0,12037
3204,2006,5,CO,1.0,-1.0,25950
3205,2006,5,DL,-3.0,-2.0,41827
3206,2006,5,EV,-1.0,0.0,23810
3207,2006,5,F9,1.0,0.0,7696
3208,2006,5,FL,-4.0,-1.0,19890
3209,2006,5,HA,-4.0,-4.0,4131
3210,2006,5,MQ,1.0,0.0,47566
3211,2006,5,NW,-2.0,-3.0,36553
3212,2006,5,OH,-3.0,0.0,23411
3213,2006,5,OO,-3.0,-2.0,46400
3214,2006,5,TZ,5.0,0.0,1541
3215,2006,5,UA,0.0,-1.0,42714
3216,2006,5,US,-2.0,-1.0,42537
3217,2006,5,WN,-1.0,0.0,92145
3218,2006,5,XE,-1.0,-2.0,37560
3219,2006,5,YV,-2.0,0.0,24678
3220,2006,6,AA,-1.0,-1.0,53595
3221,2006,6,AQ,-1.0,-2.0,3868
3222,2006,6,AS,2.0,0.0,14003
3223,2006,6,B6,0.0,-1.0,12182
3224,2006,6,CO,3.0,0.0,26232
3225,2006,6,DL,-1.0,0.0,41983
3226,2006,6,EV,4.0,4.0,22648
3227,2006,6,F9,1.0,1.0,7664
3228,2006,6,FL,0.0,1.0,20113
3229,2006,6,HA,-3.0,-4.0,4419
3230,2006,6,MQ,1.0,0.0,46443
3231,2006,6,NW,-1.0,-2.0,35797
3232,2006,6,OH,1.0,0.0,23705
3233,2006,6,OO,-1.0,-1.0,46290
3234,2006,6,TZ,6.0,0.0,1564
3235,2006,6,UA,0.0,0.0,42223
3236,2006,6,US,1.0,1.0,40981
3237,2006,6,WN,0.0,2.0,90766
3238,2006,6,XE,2.0,-1.0,38531
3239,2006,6,YV,0.0,0.0,25308
3240,2006,7,AA,-2.0,-1.0,54842
3241,2006,7,AQ,-3.0,-3.0,4607
3242,2006,7,AS,3.0,0.0,14683
3243,2006,7,B6,-1.0,-1.0,13836
3244,2006,7,CO,2.0,0.0,26812
3245,2006,7,DL,-1.0,-1.0,42809
3246,2006,7,EV,8.0,5.0,24342
3247,2006,7,F9,0.0,0.0,8278
3248,2006,7,FL,-1.0,0.0,21077
3249,2006,7,HA,-3.0,-4.0,4778
3250,2006,7,MQ,0.0,-1.0,47779
3251,2006,7,NW,-2.0,-2.0,37208
3252,2006,7,OH,2.0,0.0,25190
3253,2006,7,OO,-1.0,-1.0,47690
3254,2006,7,TZ,4.0,0.0,1600
3255,2006,7,UA,-2.0,-1.0,43350
3256,2006,7,US,1.0,1.0,42070
3257,2006,7,WN,-1.0,2.0,93583
3258,2006,7,XE,1.0,-1.0,39468
3259,2006,7,YV,0.0,0.0,27242
3260,2006,8,AA,-2.0,-1.0,55351
3261,2006,8,AQ,-5.0,-5.0,4345
3262,2006,8,AS,4.0,0.0,14752
3263,2006,8,B6,-3.0,-1.0,14258
3264,2006,8,CO,-1.0,-1.0,26804
3265,2006,8,DL,-2.0,-1.0,43207
3266,2006,8,EV,7.0,3.0,24156
3267,2006,8,F9,-1.0,-1.0,8387
3268,2006,8,FL,-1.0,0.0,20953
3269,2006,8,HA,-4.0,-4.0,4762
3270,2006,8,MQ,-1.0,-1.0,48096
3271,2006,8,NW,0.0,-2.0,37883
3272,2006,8,OH,0.0,0.0,25491
3273,2006,8,OO,-1.0,-2.0,48444
3274,2006,8,TZ,4.0,0.0,1673
3275,2006,8,UA,-2.0,-1.0,44062
3276,2006,8,US,0.0,0.0,42566
3277,2006,8,WN,-3.0,1.0,95894
3278,2006,8,XE,-2.0,-2.0,39845
3279,2006,8,YV,-1.0,0.0,27803
3280,2006,9,AA,-2.0,-2.0,51661
3281,2006,9,AQ,-6.0,-5.0,3784
3282,2006,9,AS,-2.0,-2.0,13308
3283,2006,9,B6,-3.0,-3.0,13069
3284,2006,9,CO,-3.0,-2.0,23852
3285,2006,9,DL,2.0,-1.0,39867
3286,2006,9,EV,8.0,4.0,21976
3287,2006,9,F9,-3.0,-3.0,7936
3288,2006,9,FL,0.0,-1.0,19326
3289,2006,9,HA,-5.0,-4.0,4407
3290,2006,9,MQ,-2.0,-2.0,45627
3291,2006,9,NW,3.0,-3.0,36358
3292,2006,9,OH,2.0,0.0,23452
3293,2006,9,OO,-1.0,-2.0,45269
3294,2006,9,TZ,0.0,-2.0,1531
3295,2006,9,UA,-2.0,-2.0,40830
3296,2006,9,US,-1.0,-2.0,40818
3297,2006,9,WN,-3.0,0.0,91088
3298,2006,9,XE,-5.0,-4.0,35372
3299,2006,9,YV,-1.0,0.0,25406
3300,2006,10,AA,-2.0,-2.0,53342
3301,2006,10,AQ,-5.0,-4.0,3885
3302,2006,10,AS,-3.0,-3.0,13311
3303,2006,10,B6,0.0,-1.0,13924
3304,2006,10,CO,1.0,-1.0,26345
3305,2006,10,DL,5.0,0.0,42100
3306,2006,10,EV,10.0,5.0,23101
3307,2006,10,F9,-2.0,-2.0,8074
3308,2006,10,FL,3.0,0.0,20446
3309,2006,10,HA,-4.0,-4.0,4545
3310,2006,10,MQ,0.0,-1.0,47259
3311,2006,10,NW,6.0,-2.0,37828
3312,2006,10,OH,5.0,0.0,23174
3313,2006,10,OO,0.0,-1.0,47166
3314,2006,10,TZ,0.0,-2.0,1605
3315,2006,10,UA,-1.0,-2.0,42495
3316,2006,10,US,1.0,-1.0,42842
3317,2006,10,WN,-2.0,1.0,96143
3318,2006,10,XE,-1.0,-2.0,38190
3319,2006,10,YV,0.0,0.0,25943
3320,2006,11,AA,-3.0,-1.0,51390
3321,2006,11,AQ,-4.0,-3.0,3782
3322,2006,11,AS,-1.0,-1.0,12529
3323,2006,11,B6,0.0,0.0,14357
3324,2006,11,CO,-2.0,-1.0,25591
3325,2006,11,DL,0.0,-1.0,40492
3326,2006,11,EV,4.0,1.0,21990
3327,2006,11,F9,-4.0,-2.0,7457
3328,2006,11,FL,-1.0,-1.0,20428
3329,2006,11,HA,-4.0,-4.0,4440
3330,2006,11,MQ,-3.0,-2.0,44561
3331,2006,11,NW,4.0,-2.0,36215
3332,2006,11,OH,3.0,0.0,21458
3333,2006,11,OO,-1.0,-1.0,44827
3334,2006,11,TZ,-1.0,-2.0,1534
3335,2006,11,UA,-3.0,-2.0,40745
3336,2006,11,US,1.0,0.0,40987
3337,2006,11,WN,-3.0,1.0,91903
3338,2006,11,XE,-3.0,-3.0,36402
3339,2006,11,YV,-2.0,0.0,25109
3340,2006,12,AA,1.0,0.0,54171
3341,2006,12,AQ,-4.0,-3.0,3933
3342,2006,12,AS,1.0,1.0,12953
3343,2006,12,B6,4.0,1.0,15449
3344,2006,12,CO,1.0,-1.0,27094
3345,2006,12,DL,-3.0,-1.0,40188
3346,2006,12,EV,-1.0,0.0,21093
3347,2006,12,F9,-2.0,-2.0,7638
3348,2006,12,FL,-1.0,-1.0,21308
3349,2006,12,HA,-4.0,-4.0,4646
3350,2006,12,MQ,1.0,0.0,46180
3351,2006,12,NW,5.0,-1.0,37496
3352,2006,12,OH,0.0,0.0,21685
3353,2006,12,OO,3.0,1.0,47675
3354,2006,12,TZ,1.0,-1.0,1650
3355,2006,12,UA,0.0,-1.0,42008
3356,2006,12,US,2.0,1.0,42019
3357,2006,12,WN,-2.0,2.0,94287
3358,2006,12,XE,0.0,-1.0,37455
3359,2006,12,YV,0.0,0.0,25830
